
{"w": 0.7067556672054102, "i": -0.6970251269562958, "j": 0.0933578479413684, "k": 0.07705005835398399, "x": 0.017624642878114806, "y": 0.36684426028218753, "z": 0.8508981454030979}
{"w": 0.7067556672054102, "i": -0.6970251269562958, "j": 0.0933578479413684, "k": 0.07705005835398399, "x": 0.017624642878114806, "y": 0.36684426028218753, "z": 0.8508981454030979}
{"w": 0.7067552010516401, "i": -0.6970260793782628, "j": 0.09335594246831368, "k": 0.07704802696291037, "x": 0.017622213525171584, "y": 0.3668451815620917, "z": 0.8509006894593474}
{"w": 0.7067544983310357, "i": -0.69702826241156, "j": 0.09335005421403206, "k": 0.07704185788651134, "x": 0.017617354776563874, "y": 0.366847024137536, "z": 0.8509057775253885}
{"w": 0.7067530853107971, "i": -0.6970311539131426, "j": 0.09334425628119215, "k": 0.07703568457211052, "x": 0.017609755920662662, "y": 0.36684993298665636, "z": 0.8509195301503041}
{"w": 0.7067507460535689, "i": -0.6970359341109591, "j": 0.09333467815352738, "k": 0.07702549814681216, "x": 0.017598948630617332, "y": 0.3668540517173861, "z": 0.8509355757370561}
{"w": 0.706745353037407, "i": -0.6970477021527888, "j": 0.09330958396569003, "k": 0.0769988858601115, "x": 0.017570755370268795, "y": 0.3668647904866273, "z": 0.8509755369001578}
{"w": 0.7067399616229193, "i": -0.6970594620743982, "j": 0.09328448888455615, "k": 0.07697231392736775, "x": 0.01754556397340995, "y": 0.3668744038250392, "z": 0.8510159093836369}
{"w": 0.7067291889443051, "i": -0.6970814665592734, "j": 0.09324034098132003, "k": 0.07692542679364986, "x": 0.017498753313485407, "y": 0.366892322789139, "z": 0.8511033332173177}
{"w": 0.70672027727009, "i": -0.6971011817069728, "j": 0.0931976640467696, "k": 0.07688034582554386, "x": 0.017460803189956457, "y": 0.36690687426347135, "z": 0.8511803121470151}
{"w": 0.7067038624373795, "i": -0.697137651035474, "j": 0.0931183686170847, "k": 0.07679658684423839, "x": 0.01738965248452097, "y": 0.36693413600135266, "z": 0.8513199983475774}
{"w": 0.706696250935828, "i": -0.6971681338048515, "j": 0.09302651483714654, "k": 0.07670117116159687, "x": 0.017343793798742978, "y": 0.36695178598514433, "z": 0.8514284783300992}
{"w": 0.7066820444997892, "i": -0.6972170030788983, "j": 0.09288545640829288, "k": 0.07655867414670436, "x": 0.01726962530539935, "y": 0.3669796336313329, "z": 0.851609688639214}
{"w": 0.7066837777491828, "i": -0.6972633202207281, "j": 0.09268972498530091, "k": 0.07635781180115063, "x": 0.017223419284071423, "y": 0.36699751454408075, "z": 0.851741836305323}
{"w": 0.7066767826199679, "i": -0.6973240392766934, "j": 0.09246936286941637, "k": 0.07613492026167722, "x": 0.017152281801832283, "y": 0.36702435752389306, "z": 0.8519535757333273}
{"w": 0.7066911133993268, "i": -0.6973879206823964, "j": 0.09213989089452138, "k": 0.07581555799866938, "x": 0.01709975682921651, "y": 0.36704177558996176, "z": 0.8520982313715953}
{"w": 0.7066919353858986, "i": -0.6974625844080752, "j": 0.09182372798141276, "k": 0.07550400513176574, "x": 0.017023333133876977, "y": 0.3670688753909502, "z": 0.8523338960548988}
{"w": 0.7067160512005224, "i": -0.6975452029418205, "j": 0.09136491975168451, "k": 0.07507039541100269, "x": 0.01695710832285805, "y": 0.36708861532899145, "z": 0.852498656601287}
{"w": 0.7067199236428187, "i": -0.6976316223833788, "j": 0.09097621328090684, "k": 0.07470205883435362, "x": 0.016864272746594137, "y": 0.3671194565515721, "z": 0.8527598002121362}
{"w": 0.7067477938942063, "i": -0.6977225924011518, "j": 0.09044838466406542, "k": 0.07422822637212036, "x": 0.016774509089756192, "y": 0.3671430354503561, "z": 0.8529446543228755}
{"w": 0.7067514018813359, "i": -0.6978149627721469, "j": 0.09002016786749607, "k": 0.07384512879792529, "x": 0.016652399135171247, "y": 0.36718059144669435, "z": 0.8532305026319196}
{"w": 0.7067846757850245, "i": -0.6978982064122973, "j": 0.08948633723587551, "k": 0.073387403619861, "x": 0.016557671474252897, "y": 0.3672024691761284, "z": 0.8534298577583052}
{"w": 0.7067903463039418, "i": -0.6979838755932666, "j": 0.08906726028489821, "k": 0.07302697398017025, "x": 0.016432873202724466, "y": 0.36723891020631355, "z": 0.8537324132600158}
{"w": 0.7068284503298948, "i": -0.6980504833063579, "j": 0.08857024214426243, "k": 0.07262490458862757, "x": 0.016344075266023366, "y": 0.36725572177953175, "z": 0.8539453138275684}
{"w": 0.706839774779848, "i": -0.6981188731027701, "j": 0.08819438857791831, "k": 0.07231404863690202, "x": 0.016243786739129865, "y": 0.3672823201856333, "z": 0.85426291144432}
{"w": 0.706886354064359, "i": -0.69815875821916, "j": 0.08777072027176716, "k": 0.07198841172337618, "x": 0.01619328477804052, "y": 0.3672848912115626, "z": 0.8544906700783773}
{"w": 0.7069037428104721, "i": -0.6982083391113544, "j": 0.08744620240760691, "k": 0.07173127128664776, "x": 0.016132271038077683, "y": 0.36729690581843116, "z": 0.8548313415010532}
{"w": 0.7069575495233961, "i": -0.6982236951730462, "j": 0.0870919141161391, "k": 0.0714821178083015, "x": 0.01612028664080934, "y": 0.36728446198573717, "z": 0.8550771057478129}
{"w": 0.7069820404221597, "i": -0.6982536715470734, "j": 0.08682079068734315, "k": 0.07127660903814699, "x": 0.016106104913804112, "y": 0.367279844092257, "z": 0.8554447298327392}
{"w": 0.7070415219187247, "i": -0.698250841880129, "j": 0.08652049050391519, "k": 0.07107920103312383, "x": 0.016123607628533283, "y": 0.3672568576287345, "z": 0.8557086211241818}
{"w": 0.7070692450881872, "i": -0.6982708541424774, "j": 0.08627700108373561, "k": 0.07090258097949607, "x": 0.016134457215997433, "y": 0.367243019271465, "z": 0.8560991100843011}
{"w": 0.7071293637358188, "i": -0.6982638425404302, "j": 0.08599074615946922, "k": 0.07071959218058325, "x": 0.01615671701566713, "y": 0.36721874295706347, "z": 0.8563790655820069}
{"w": 0.7071546847491497, "i": -0.6982867935887969, "j": 0.08574582994644865, "k": 0.070536929218695, "x": 0.016163336806063015, "y": 0.3672068648387026, "z": 0.8567771910642125}
{"w": 0.707209952368689, "i": -0.6982906175277203, "j": 0.0854322112140996, "k": 0.0703252019584857, "x": 0.01616714607572054, "y": 0.36718948240451055, "z": 0.8570588788504385}
{"w": 0.707230197616494, "i": -0.6983269491027091, "j": 0.08514960071881189, "k": 0.07010324695522074, "x": 0.01614860818201628, "y": 0.367187380426528, "z": 0.857463409254862}
{"w": 0.7072799231165776, "i": -0.6983466767445372, "j": 0.08479044453381746, "k": 0.06983988797118149, "x": 0.016128167699289046, "y": 0.36717938167570296, "z": 0.8577514118464352}
{"w": 0.7072953047572861, "i": -0.6983968991616133, "j": 0.08446604413988688, "k": 0.0695744960247673, "x": 0.01607976368035522, "y": 0.36718846312061654, "z": 0.8581739891575852}
{"w": 0.7073451859916834, "i": -0.6984254528357152, "j": 0.08406581698441855, "k": 0.06926480419635767, "x": 0.016052849762300953, "y": 0.36718363044864377, "z": 0.8584719583131059}
{"w": 0.7073585040566243, "i": -0.6984857419331952, "j": 0.08370091884353738, "k": 0.06896210002281516, "x": 0.015990095171722268, "y": 0.36719741039721787, "z": 0.8589186235961961}
{"w": 0.7074098412828954, "i": -0.6985212689023094, "j": 0.08325504213489647, "k": 0.06861451235951264, "x": 0.015958411782900337, "y": 0.36719333456474557, "z": 0.8592310364345406}
{"w": 0.7074248284467645, "i": -0.698585881207026, "j": 0.08286304133719781, "k": 0.06827587462361259, "x": 0.015902185053569596, "y": 0.3672058371422181, "z": 0.8597019259347057}
{"w": 0.7074773209833058, "i": -0.6986305297288854, "j": 0.08236564295731046, "k": 0.06787579896583665, "x": 0.01586614521036525, "y": 0.3672030394857003, "z": 0.860028028930456}
{"w": 0.7074911121308581, "i": -0.6987035111348178, "j": 0.08193264043893453, "k": 0.06750386814415987, "x": 0.015802835764626124, "y": 0.36721710731847523, "z": 0.8605063589282345}
{"w": 0.7075409645492063, "i": -0.6987637645705262, "j": 0.08136795290852825, "k": 0.06703910088508899, "x": 0.015751029523500215, "y": 0.36721941428504234, "z": 0.8608348047332006}
{"w": 0.7075513850357601, "i": -0.6988481738618036, "j": 0.0808924200638214, "k": 0.06662344782596295, "x": 0.01566846801724916, "y": 0.36724024288431467, "z": 0.8613210548118344}
{"w": 0.7075990298046883, "i": -0.6989195787896345, "j": 0.08027886396772412, "k": 0.06610854259501037, "x": 0.015598370124783482, "y": 0.36724895898023735, "z": 0.8616575429886705}
{"w": 0.7076072782657815, "i": -0.6990115687944396, "j": 0.07977724876395018, "k": 0.06565330925768176, "x": 0.015501881528376688, "y": 0.36727561540041165, "z": 0.8621583260419748}
{"w": 0.7076575712610719, "i": -0.699081935076185, "j": 0.07917419762282274, "k": 0.0650896022249369, "x": 0.015442791490404674, "y": 0.36728466713424923, "z": 0.8625090624733489}
{"w": 0.707667700757884, "i": -0.699172152648746, "j": 0.07868949938915959, "k": 0.06459635400278395, "x": 0.015356123371503133, "y": 0.3673118114121673, "z": 0.8630359323042621}
{"w": 0.7077238438053286, "i": -0.6992325575216776, "j": 0.07814670264496128, "k": 0.06398346877768955, "x": 0.015326172379638164, "y": 0.36731822506606965, "z": 0.8634050683243416}
{"w": 0.7077367826673727, "i": -0.6993180959912522, "j": 0.07769961525223794, "k": 0.06344774912052172, "x": 0.015259879784661486, "y": 0.3673439898185806, "z": 0.8639586187563885}
{"w": 0.7077998342381697, "i": -0.6993678184505759, "j": 0.07722105874552485, "k": 0.06277704400752221, "x": 0.015271435271689494, "y": 0.36734494040182164, "z": 0.8643412769400035}
{"w": 0.7078155609923057, "i": -0.6994490749128671, "j": 0.0768094808083659, "k": 0.06219667900002367, "x": 0.015225932180462554, "y": 0.36736910174195586, "z": 0.8649095322891786}
{"w": 0.7078814746008971, "i": -0.6994962941172224, "j": 0.07634989976740404, "k": 0.061477192833113585, "x": 0.015251733892195182, "y": 0.3673690407481315, "z": 0.8652977309924357}
{"w": 0.7078964474947437, "i": -0.6995797810805737, "j": 0.07593023230055149, "k": 0.0608715808104507, "x": 0.015205389774663305, "y": 0.36739445353206823, "z": 0.8658736715181669}
{"w": 0.7079637109841149, "i": -0.6996277559121241, "j": 0.07545157004077176, "k": 0.0601285927437968, "x": 0.015233954869783206, "y": 0.36739409023776265, "z": 0.8662738854207396}
{"w": 0.7079796419947475, "i": -0.6997120355350044, "j": 0.0750062598274089, "k": 0.05951432462150551, "x": 0.015188240583278136, "y": 0.3674183215875433, "z": 0.8668685146551075}
{"w": 0.7080472974155669, "i": -0.6997621422407743, "j": 0.07448291577200415, "k": 0.05877298841487965, "x": 0.015201629014980737, "y": 0.3674198935302472, "z": 0.8672898619710062}
{"w": 0.7080619592918133, "i": -0.6998492176079827, "j": 0.07399946537974005, "k": 0.058167117350325516, "x": 0.015141890511360464, "y": 0.3674453052872022, "z": 0.8679204835498351}
{"w": 0.7081299517512945, "i": -0.6999002564726968, "j": 0.07341853530620042, "k": 0.05745712397654179, "x": 0.015137451941354884, "y": 0.3674456656283422, "z": 0.8683617068778918}
{"w": 0.708143650414921, "i": -0.69998958044941, "j": 0.07288830636389199, "k": 0.0568722466119754, "x": 0.015063203746890096, "y": 0.36747072298844397, "z": 0.8690171563092157}
{"w": 0.7082115884439693, "i": -0.7000424086573784, "j": 0.0722412386765491, "k": 0.05619764683084736, "x": 0.015033920642815835, "y": 0.3674718357328496, "z": 0.8694746952985599}
{"w": 0.7082249369237524, "i": -0.7001339440778609, "j": 0.07166222766724548, "k": 0.05562754888626846, "x": 0.014947738400030866, "y": 0.36749628330355744, "z": 0.8701488704959714}
{"w": 0.7082937600413677, "i": -0.7001877839222037, "j": 0.07094901335286666, "k": 0.054984127135296865, "x": 0.014898900207474131, "y": 0.3674961477697679, "z": 0.8706204856610136}
{"w": 0.7083060659682037, "i": -0.7002823752412395, "j": 0.07032130515988776, "k": 0.054424497055508926, "x": 0.014793457705923486, "y": 0.3675222548673288, "z": 0.87131534550191}
{"w": 0.7083739459796694, "i": -0.7003409960194996, "j": 0.06954288206503556, "k": 0.05378317121272163, "x": 0.01472135333673819, "y": 0.36752457348899936, "z": 0.8718043568128723}
{"w": 0.7083832800527088, "i": -0.7004406032723167, "j": 0.06887985794600254, "k": 0.05321329719739279, "x": 0.014597439908800962, "y": 0.36755512303081206, "z": 0.8725268710351263}
{"w": 0.7084508576037526, "i": -0.700500014903624, "j": 0.06807177970307811, "k": 0.05256752123304335, "x": 0.0145147450583182, "y": 0.36755859151369363, "z": 0.8730364962021491}
{"w": 0.708457395742699, "i": -0.7006029816463479, "j": 0.06738606374225171, "k": 0.051987488293298745, "x": 0.014376325761466625, "y": 0.3675927401929404, "z": 0.8737897100591083}
{"w": 0.7085243618180586, "i": -0.7006628872160803, "j": 0.06656540600191445, "k": 0.05132050186952879, "x": 0.01428971658886883, "y": 0.367597935920265, "z": 0.8743160905924204}
{"w": 0.7085302592711857, "i": -0.7007662944471512, "j": 0.06587123298755847, "k": 0.05071935457608111, "x": 0.014152953754099813, "y": 0.36763210022558424, "z": 0.875089385194137}
{"w": 0.7085984339402241, "i": -0.7008241712459968, "j": 0.065048286626157, "k": 0.05002460216559304, "x": 0.014071103603138546, "y": 0.36763678586995596, "z": 0.87562750019802}
{"w": 0.7086054602190558, "i": -0.700924873380103, "j": 0.06436209279973197, "k": 0.04939782014690801, "x": 0.013946438307311213, "y": 0.36766917153878464, "z": 0.8764127029767886}
{"w": 0.7086779492450791, "i": -0.700976676597609, "j": 0.06356160833319718, "k": 0.04865372612717159, "x": 0.01389348826028436, "y": 0.36766935544650803, "z": 0.8769579100310319}
{"w": 0.7086869406241219, "i": -0.7010738703029006, "j": 0.06288984183752239, "k": 0.04799079454422548, "x": 0.013787419971519374, "y": 0.367698962947442, "z": 0.877758153407447}
{"w": 0.7087621330611785, "i": -0.7011205620528134, "j": 0.062120689171685346, "k": 0.0471933912974131, "x": 0.01376427857188137, "y": 0.3676957378159271, "z": 0.8783125692777524}
{"w": 0.7087727685955444, "i": -0.7012141845330542, "j": 0.061463136998922724, "k": 0.046498523603474486, "x": 0.013688065473181917, "y": 0.3677184794117935, "z": 0.8791205593872634}
{"w": 0.7088481920989558, "i": -0.701259357849662, "j": 0.06070453599555368, "k": 0.045656466090652686, "x": 0.013683369218337838, "y": 0.36771248506974885, "z": 0.879680820097882}
{"w": 0.708861763334844, "i": -0.7013469011931232, "j": 0.06006286617692361, "k": 0.04494415173560497, "x": 0.013636984349958534, "y": 0.3677274048779874, "z": 0.8804974079557392}
{"w": 0.7089413852545937, "i": -0.7013851116219595, "j": 0.059315814579869466, "k": 0.04407574853676672, "x": 0.013663164817210253, "y": 0.36771357542053124, "z": 0.8810638083721116}
{"w": 0.7089566014450822, "i": -0.7014692738174727, "j": 0.05867134667748624, "k": 0.04334822068409665, "x": 0.013632838696778057, "y": 0.36772327619084866, "z": 0.8818909398173368}
{"w": 0.7090349333402391, "i": -0.7015096712906316, "j": 0.05788861853274858, "k": 0.042456474574363336, "x": 0.013656208479274972, "y": 0.36770833981816675, "z": 0.8824661124422379}
{"w": 0.7090498385228239, "i": -0.7015931061100362, "j": 0.05722478376010524, "k": 0.041722464850944656, "x": 0.013633423473137622, "y": 0.3677139559407717, "z": 0.8833093233119108}
{"w": 0.7091298003698369, "i": -0.7016300484879059, "j": 0.05641596813245203, "k": 0.04083429717741205, "x": 0.013662800461409831, "y": 0.36769380522843803, "z": 0.883895894099868}
{"w": 0.7091435551291972, "i": -0.7017142554729396, "j": 0.05571807072609092, "k": 0.04010010572734615, "x": 0.013631505252726384, "y": 0.3676984130287789, "z": 0.8847659743738449}
{"w": 0.7092218986696266, "i": -0.701753655922832, "j": 0.05485022088053571, "k": 0.03921170891132467, "x": 0.013636276841710683, "y": 0.36768111437931394, "z": 0.8853725908816911}
{"w": 0.7092320444878593, "i": -0.7018425040213219, "j": 0.05410423827067542, "k": 0.0384673630731661, "x": 0.013587423899129945, "y": 0.36768841372657574, "z": 0.8862675150028887}
{"w": 0.7093065556115256, "i": -0.7018868967370514, "j": 0.05317364185647407, "k": 0.03757070889756811, "x": 0.013566457804334086, "y": 0.3676750669819028, "z": 0.8868928836832678}
{"w": 0.7093106420330404, "i": -0.7019828953410752, "j": 0.05237786540197808, "k": 0.03681014755702418, "x": 0.013489036446683417, "y": 0.3676897505847641, "z": 0.8878163136586743}
{"w": 0.7093837177849142, "i": -0.7020283255770725, "j": 0.05140301283929836, "k": 0.03589848604257182, "x": 0.013451097658347193, "y": 0.3676795475652207, "z": 0.8884640260962177}
{"w": 0.709384099494139, "i": -0.7021276097547468, "j": 0.050576161336821454, "k": 0.03511510941757031, "x": 0.01335092321308922, "y": 0.36770184349876484, "z": 0.8894129818866799}
{"w": 0.7094518240180672, "i": -0.7021775203986472, "j": 0.04956626422800174, "k": 0.034176376266731166, "x": 0.013291899304394556, "y": 0.36769861586681307, "z": 0.8900745407935856}
{"w": 0.7094451055540606, "i": -0.702283432755249, "j": 0.04871075450160559, "k": 0.03335992624057423, "x": 0.013168826471033398, "y": 0.36772951926494013, "z": 0.8910507255781178}
{"w": 0.7095096637597246, "i": -0.702333849760942, "j": 0.04769058769994567, "k": 0.03238531081171998, "x": 0.01311181459997304, "y": 0.36772832458581906, "z": 0.8917280260980776}
{"w": 0.7094985545168205, "i": -0.7024418832038622, "j": 0.046824993017138175, "k": 0.031537626551461, "x": 0.012978643396801841, "y": 0.3677648923489559, "z": 0.8927269109108144}
{"w": 0.7095618369379282, "i": -0.7024895160445436, "j": 0.0458090244048894, "k": 0.030528882911905177, "x": 0.012922654943683765, "y": 0.36776666548793574, "z": 0.8934139311042271}
{"w": 0.7095465727098834, "i": -0.7025991381937283, "j": 0.044933232354142774, "k": 0.02964990379912634, "x": 0.012779849565876017, "y": 0.3678078728738945, "z": 0.8944210108340276}
{"w": 0.7096065632770304, "i": -0.7026470137511368, "j": 0.04390264421010164, "k": 0.028605196243579656, "x": 0.012725531998327776, "y": 0.3678102431085721, "z": 0.8951124900322379}
{"w": 0.7095900986787476, "i": -0.7027544655773691, "j": 0.04301590580239072, "k": 0.02770712572880947, "x": 0.012590882224325004, "y": 0.3678486720897436, "z": 0.8961194969113531}
{"w": 0.7096506700579186, "i": -0.7027975537066578, "j": 0.04196988060637912, "k": 0.02664684056641377, "x": 0.012536017989535572, "y": 0.3678496340383973, "z": 0.8968113693467876}
{"w": 0.7096332971143404, "i": -0.7029018484881635, "j": 0.041072062293732385, "k": 0.025742197215727753, "x": 0.01239808302628865, "y": 0.36788803245105306, "z": 0.8978205684272286}
{"w": 0.7096897679238435, "i": -0.7029458520548688, "j": 0.03999249742915751, "k": 0.02466095157196025, "x": 0.012338369441175341, "y": 0.367888912490287, "z": 0.8985172950944473}
{"w": 0.7096699354593201, "i": -0.7030496154219337, "j": 0.03906480377480946, "k": 0.023743674236984248, "x": 0.0121995769090163, "y": 0.3679254283642994, "z": 0.899532111117591}
{"w": 0.7097217516498513, "i": -0.703094907129429, "j": 0.03794539465165653, "k": 0.022643626663083172, "x": 0.012126800110829103, "y": 0.3679289097796226, "z": 0.9002387265176691}
{"w": 0.7096968075176197, "i": -0.7032000395140503, "j": 0.036998882075300006, "k": 0.021707799333776968, "x": 0.011974353464470103, "y": 0.36797065649606164, "z": 0.9012794053630775}
{"w": 0.7097439393212269, "i": -0.7032449590514325, "j": 0.03586070180754745, "k": 0.02059315982082994, "x": 0.011889842523817626, "y": 0.36797757529074715, "z": 0.9020012522136265}
{"w": 0.7097105308404293, "i": -0.7033551398744873, "j": 0.03488744212041237, "k": 0.019630996119194093, "x": 0.01171941829829994, "y": 0.36802569252957074, "z": 0.9030754374134533}
{"w": 0.7097527721680171, "i": -0.703399446097985, "j": 0.033740989713522504, "k": 0.018486947882635805, "x": 0.01163272135518547, "y": 0.3680353895773547, "z": 0.90382132870782}
{"w": 0.7097117611426952, "i": -0.7035132363909309, "j": 0.032747176836165987, "k": 0.017491847465426542, "x": 0.011439446627570266, "y": 0.3680921825909627, "z": 0.9049310977683758}
{"w": 0.709750802019439, "i": -0.7035553499504439, "j": 0.03158369518947876, "k": 0.016313760665476105, "x": 0.011347739571065978, "y": 0.3681045517116598, "z": 0.9057044672887483}
{"w": 0.7097046475372936, "i": -0.7036698664659133, "j": 0.030566713251394175, "k": 0.01528752212811086, "x": 0.011150631004358352, "y": 0.3681628938098146, "z": 0.9068468842564954}
{"w": 0.7097422033863948, "i": -0.7037076435579072, "j": 0.029379443575770867, "k": 0.014085646083217572, "x": 0.011062100470962365, "y": 0.3681729139081422, "z": 0.9076411261605439}
{"w": 0.7096964011362218, "i": -0.7038161842938353, "j": 0.02834673524535773, "k": 0.013048353968657533, "x": 0.010871627890826435, "y": 0.36822770185295495, "z": 0.9088076484877416}
{"w": 0.7097371596552373, "i": -0.7038443146205239, "j": 0.027130880276071523, "k": 0.01184315483000281, "x": 0.010793491964335683, "y": 0.36823086493301826, "z": 0.9096138529994068}
{"w": 0.7096970115404196, "i": -0.7039406327963124, "j": 0.02608987720435684, "k": 0.010819224389349617, "x": 0.010636210709986663, "y": 0.36827178111830705, "z": 0.9107889305229302}
{"w": 0.7097446371653567, "i": -0.7039538200697611, "j": 0.02487430536836988, "k": 0.009635255920227707, "x": 0.010584285738874384, "y": 0.368263635201841, "z": 0.9115978492152929}
{"w": 0.7097117156695799, "i": -0.7040352544153251, "j": 0.0238523089783684, "k": 0.008643410096179676, "x": 0.010465121921271308, "y": 0.36828965199679387, "z": 0.9127764266288494}
{"w": 0.7097648802546301, "i": -0.7040345424824455, "j": 0.02265211213275048, "k": 0.007487293542400991, "x": 0.010444389329116588, "y": 0.36826955188876837, "z": 0.9135877694873904}
{"w": 0.7097381008408523, "i": -0.7041025791923621, "j": 0.021653731015800964, "k": 0.0065193651976097845, "x": 0.010370814571691127, "y": 0.3682798693563947, "z": 0.9147696022038806}
{"w": 0.7097946002571435, "i": -0.704090814813374, "j": 0.02046951095594555, "k": 0.005361815221167103, "x": 0.010378280868540304, "y": 0.36825161530979733, "z": 0.9155901562965327}
{"w": 0.7097686322002302, "i": -0.7041518315904743, "j": 0.01947879295467858, "k": 0.004389013263148783, "x": 0.010326311655634874, "y": 0.36825535897330886, "z": 0.9167909826765159}
{"w": 0.709822381946116, "i": -0.7041356285456497, "j": 0.01829876094230315, "k": 0.0032183922915226142, "x": 0.010343303467897812, "y": 0.3682247685620861, "z": 0.9176258403078369}
{"w": 0.7097891729281589, "i": -0.7041983339356213, "j": 0.017295714447430714, "k": 0.0022124054802519356, "x": 0.010284078876089066, "y": 0.36823272041127164, "z": 0.9188517298891117}
{"w": 0.7098361032840912, "i": -0.7041824008588028, "j": 0.01608879130794662, "k": 0.001001793112076234, "x": 0.010285895065064828, "y": 0.3682077508383396, "z": 0.9197090052385245}
{"w": 0.7097920816415136, "i": -0.7042506567462206, "j": 0.015040322202628461, "k": -4.4939577203544995e-05, "x": 0.01019346953446007, "y": 0.3682266602635507, "z": 0.9209684118419001}
{"w": 0.7098279531585165, "i": -0.7042389799470397, "j": 0.013785821950826558, "k": -0.0012989038011795822, "x": 0.010172634595611536, "y": 0.3682093493118874, "z": 0.921846453051996}
{"w": 0.7097720944117282, "i": -0.7043128750612402, "j": 0.012700143159858632, "k": -0.002377894253084257, "x": 0.01004591709063535, "y": 0.3682395002422239, "z": 0.9231332767977822}
{"w": 0.7097997224866766, "i": -0.704301597526076, "j": 0.011410343937012115, "k": -0.0036630221530835646, "x": 0.010002344761454864, "y": 0.36822939421097767, "z": 0.9240212667637799}
{"w": 0.7097357689855301, "i": -0.7043766868521557, "j": 0.010286993945710511, "k": -0.004774829552967625, "x": 0.009863559088615683, "y": 0.3682633185047193, "z": 0.9253184133310144}
{"w": 0.7097546023819338, "i": -0.7043656246011303, "j": 0.008953395351503394, "k": -0.006108026653735078, "x": 0.009810657030479853, "y": 0.3682567203995815, "z": 0.9262116146843236}
{"w": 0.7096863636792548, "i": -0.7044371270381895, "j": 0.007817141756870573, "k": -0.007245105427249093, "x": 0.009668393313291397, "y": 0.36829264751742696, "z": 0.9275059798963132}
{"w": 0.7096995716660401, "i": -0.7044221370068077, "j": 0.006470813076151229, "k": -0.008608103736335262, "x": 0.009616665937556708, "y": 0.3682864256481021, "z": 0.9283946824351718}
{"w": 0.709624852145446, "i": -0.704491901922635, "j": 0.005317666651789398, "k": -0.009769941881268285, "x": 0.009469383647197687, "y": 0.36832415833513427, "z": 0.9296859101387208}
{"w": 0.7096307401806627, "i": -0.7044741468589005, "j": 0.003944239498770221, "k": -0.01117282295778138, "x": 0.009411507586660251, "y": 0.36832014119202255, "z": 0.9305747630332448}
{"w": 0.7095460148606806, "i": -0.7045451246002714, "j": 0.0027596765119118115, "k": -0.012369494042412695, "x": 0.009239668028791548, "y": 0.36836613950269054, "z": 0.9318773372393618}
{"w": 0.7095407231583535, "i": -0.7045282247905416, "j": 0.0013530360330634317, "k": -0.013788108895100548, "x": 0.00915560429704106, "y": 0.3683686411668927, "z": 0.9327788884245015}
{"w": 0.7094418523822765, "i": -0.7046041043129005, "j": 0.00012488528923815695, "k": -0.015009952614328057, "x": 0.008944571857186962, "y": 0.36842597054676873, "z": 0.9341110248349184}
{"w": 0.7094223555563152, "i": -0.7045898754953221, "j": -0.0013400732475885653, "k": -0.01646915268335918, "x": 0.008827736777128538, "y": 0.3684380066713648, "z": 0.9350379148934065}
{"w": 0.7093080079859567, "i": -0.704670688577109, "j": -0.002628800507098946, "k": -0.017733016527133227, "x": 0.008572525856627447, "y": 0.36850832741594775, "z": 0.9364104126304016}
{"w": 0.7092753449564342, "i": -0.7046571076932793, "j": -0.004145888082574615, "k": -0.01922647201857553, "x": 0.008429811295436945, "y": 0.3685274370225723, "z": 0.9373607758447802}
{"w": 0.7091512548837071, "i": -0.7047366867058709, "j": -0.005464356786351365, "k": -0.020514407439813583, "x": 0.008167989187101356, "y": 0.36859948872573123, "z": 0.9387669424968296}
{"w": 0.7091115870082313, "i": -0.7047169769479978, "j": -0.007006975321381875, "k": -0.02203728360730998, "x": 0.008028277447011492, "y": 0.36861690897802135, "z": 0.9397363928446485}
{"w": 0.7089844204893677, "i": -0.7047885541458688, "j": -0.008332505209605868, "k": -0.023339982974793044, "x": 0.007785926669515296, "y": 0.3686822505067965, "z": 0.9411572615626165}
{"w": 0.708945427831064, "i": -0.7047559020082452, "j": -0.00986316388478695, "k": -0.02486396871291799, "x": 0.00767783990012314, "y": 0.3686896119197852, "z": 0.9421329267890179}
{"w": 0.7088246183906644, "i": -0.7048117935294511, "j": -0.011154434257247525, "k": -0.026145260785252235, "x": 0.007491791750053538, "y": 0.3687364444902781, "z": 0.9435602154838619}
{"w": 0.7087932173539594, "i": -0.7047606727557068, "j": -0.012663196743053134, "k": -0.02764439578275868, "x": 0.007425843427536159, "y": 0.36872825215220506, "z": 0.9445425974755498}
{"w": 0.7086804300802153, "i": -0.7047994974159775, "j": -0.013936997782771635, "k": -0.028904611332973066, "x": 0.007290140055096355, "y": 0.3687567070833976, "z": 0.9459794892580653}
{"w": 0.7086544018668828, "i": -0.7047318964439372, "j": -0.015435969797231157, "k": -0.030391177760036275, "x": 0.007251519638300185, "y": 0.3687381387070058, "z": 0.9469749154196369}
{"w": 0.7085439850129946, "i": -0.7047589947904787, "j": -0.016706370703789816, "k": -0.031639812605759106, "x": 0.007134881428101432, "y": 0.36875948260475505, "z": 0.9484391641336095}
{"w": 0.7085203989389255, "i": -0.704677326806314, "j": -0.01820362845869495, "k": -0.03312608161965129, "x": 0.007110876564637963, "y": 0.36873605567929707, "z": 0.9494593553222974}
{"w": 0.7084038997898585, "i": -0.7046989918179668, "j": -0.019491050664712545, "k": -0.03439977670345657, "x": 0.006988666193140218, "y": 0.36875991240207107, "z": 0.9509601067909116}
{"w": 0.7083737451760564, "i": -0.7046101046565622, "j": -0.021002881945613304, "k": -0.03591819192408263, "x": 0.0069569616727650895, "y": 0.36874080298708095, "z": 0.9520056697845498}
{"w": 0.7082480868803573, "i": -0.7046292111881847, "j": -0.022306983352418014, "k": -0.03721183500374834, "x": 0.00681690562891696, "y": 0.3687709342776723, "z": 0.9535349826288764}
{"w": 0.7082107822209139, "i": -0.7045340584968697, "j": -0.02383107296045358, "k": -0.03874697827604942, "x": 0.006780928128763896, "y": 0.36875356565474704, "z": 0.9545921815414418}
{"w": 0.708076572944424, "i": -0.7045491049826136, "j": -0.025154169384470723, "k": -0.0400673592598229, "x": 0.006630909082156982, "y": 0.3687879106629296, "z": 0.9561281189025357}
{"w": 0.7080326100396481, "i": -0.7044463149423752, "j": -0.026692696908077747, "k": -0.041625862349336275, "x": 0.006599131940773132, "y": 0.3687696615652253, "z": 0.9571780672789026}
{"w": 0.7078930471075809, "i": -0.7044552038067261, "j": -0.02802855401170546, "k": -0.042949969108042094, "x": 0.006445197004944971, "y": 0.3688040609709684, "z": 0.958696897881253}
{"w": 0.7078413983692391, "i": -0.7043456340449272, "j": -0.029591932176953502, "k": -0.04452078286109726, "x": 0.006408969464805688, "y": 0.3687858993244515, "z": 0.9597391364822149}
{"w": 0.7076967298020167, "i": -0.7043475815129585, "j": -0.030940595467002747, "k": -0.045853054386004316, "x": 0.006257717887781977, "y": 0.36881885411028104, "z": 0.9612416236353745}
{"w": 0.7076349276445125, "i": -0.7042337570186503, "j": -0.03252230764678605, "k": -0.04743336545376608, "x": 0.006212132563134308, "y": 0.3688031023807238, "z": 0.9622747263987832}
{"w": 0.7074803799598782, "i": -0.7042330880614174, "j": -0.03388348662963565, "k": -0.04877682836272112, "x": 0.006048579768639775, "y": 0.368839983122384, "z": 0.9637834964621997}
{"w": 0.707403107862774, "i": -0.7041181770604128, "j": -0.03549398873432825, "k": -0.05038464530923952, "x": 0.005987991066607945, "y": 0.36882914802335, "z": 0.964825536854897}
{"w": 0.7072304322092101, "i": -0.7041195020209395, "j": -0.0368947305661104, "k": -0.05176506048883347, "x": 0.005792065668941063, "y": 0.36887661289358314, "z": 0.9663537026374746}
{"w": 0.7071343820566476, "i": -0.7040049012028704, "j": -0.03853809235832287, "k": -0.05341236030248138, "x": 0.005713783933748126, "y": 0.3688721437846205, "z": 0.9674063810807617}
{"w": 0.706947884988119, "i": -0.7040048296552777, "j": -0.03996401313969122, "k": -0.05481574031826885, "x": 0.005506159796192138, "y": 0.3689228309851721, "z": 0.9689430398819966}
{"w": 0.7068371645272068, "i": -0.7038864745425096, "j": -0.04164268016440969, "k": -0.05648841463504263, "x": 0.005424384607880845, "y": 0.3689183431758237, "z": 0.9699980365683148}
{"w": 0.7066460316599386, "i": -0.7038777610860274, "j": -0.043079444034953375, "k": -0.05789339245045309, "x": 0.005241026502570794, "y": 0.36896010081436104, "z": 0.9715266731229458}
{"w": 0.7065291065064978, "i": -0.7037516494694254, "j": -0.044759971238757405, "k": -0.05955486968249715, "x": 0.005172358536206499, "y": 0.3689497926764481, "z": 0.9725676489793774}
{"w": 0.706343282801514, "i": -0.7037304171161685, "j": -0.046163419746569886, "k": -0.060922947597654466, "x": 0.005038248471670828, "y": 0.36897434176064736, "z": 0.974075699553393}
{"w": 0.7062263193101759, "i": -0.7035927696445553, "j": -0.047828985279273255, "k": -0.0625618780461461, "x": 0.004992150773195958, "y": 0.36895589401286777, "z": 0.9751046730985821}
{"w": 0.7060424631219532, "i": -0.7035608398889375, "j": -0.04921386135364726, "k": -0.06390759496431446, "x": 0.004884672370217783, "y": 0.3689712003476838, "z": 0.9765974592955247}
{"w": 0.7059294023288113, "i": -0.7034116606935564, "j": -0.05084317160935757, "k": -0.06550333143224346, "x": 0.004853202588463743, "y": 0.3689469378348539, "z": 0.9776223983381611}
{"w": 0.7057429350354424, "i": -0.70337298251831, "j": -0.0522194556121573, "k": -0.06683177063662825, "x": 0.004728862481134334, "y": 0.3689662929518085, "z": 0.9791223878494092}
{"w": 0.7056243065497653, "i": -0.7032167733793687, "j": -0.05383764388515632, "k": -0.06842525663063535, "x": 0.0046832218566692455, "y": 0.36894689449192003, "z": 0.9801578361252525}
{"w": 0.7054269716097276, "i": -0.7031758117560549, "j": -0.05522202368484168, "k": -0.06976455824337524, "x": 0.0045147765638683685, "y": 0.368980831763349, "z": 0.9816683835779946}
{"w": 0.7053053700317871, "i": -0.7030124313746918, "j": -0.05682063451398007, "k": -0.07133913253185427, "x": 0.004447623530897102, "y": 0.3689684018290885, "z": 0.982708223975471}
{"w": 0.7051004609648224, "i": -0.7029669145145866, "j": -0.0582088392741939, "k": -0.0726814149242347, "x": 0.00424511356121163, "y": 0.3690132017963958, "z": 0.9842143627825464}
{"w": 0.7049762418646656, "i": -0.7027940018642466, "j": -0.05980251274291299, "k": -0.07424788764432423, "x": 0.004166743063541479, "y": 0.3690039873522496, "z": 0.9852461861989341}
{"w": 0.7047688106710289, "i": -0.70274074255284, "j": -0.06118643653093617, "k": -0.07558169253379295, "x": 0.003952666947159872, "y": 0.3690523154894374, "z": 0.9867319166178604}
{"w": 0.7046445643269149, "i": -0.702558064162986, "j": -0.06277094783435191, "k": -0.07712335931524023, "x": 0.003869944622876583, "y": 0.3690423499224588, "z": 0.9877462315119837}
{"w": 0.7044408498343553, "i": -0.7024938613625084, "j": -0.06413580084502221, "k": -0.07843508706320704, "x": 0.0036722736318453974, "y": 0.3690839444739406, "z": 0.9892077724041236}
{"w": 0.7043146752002488, "i": -0.7023017282111835, "j": -0.06570702597749058, "k": -0.07997316791491527, "x": 0.003607623466348215, "y": 0.3690685672446341, "z": 0.9902088748249939}
{"w": 0.7041075251471671, "i": -0.7022320272928689, "j": -0.06705699885027014, "k": -0.08127811378516589, "x": 0.0034235270181603166, "y": 0.3691061141646315, "z": 0.9916663160296453}
{"w": 0.7039734581762007, "i": -0.7020358336120545, "j": -0.06861478368551016, "k": -0.08281950234008943, "x": 0.0033587474530177583, "y": 0.36909147470919323, "z": 0.9926730836783367}
{"w": 0.7037546442046513, "i": -0.7019632551535526, "j": -0.06997504899239045, "k": -0.08414559818033532, "x": 0.0031740875661833046, "y": 0.3691298760512786, "z": 0.9941456933190791}
{"w": 0.7036029257935668, "i": -0.7017649404559504, "j": -0.0715531246356591, "k": -0.08572655082565366, "x": 0.003105820685705395, "y": 0.3691185315876727, "z": 0.9951670541773775}
{"w": 0.7033716324986669, "i": -0.7016889522962029, "j": -0.07292999915968075, "k": -0.0870756914654544, "x": 0.0029249965757593994, "y": 0.3691568883801906, "z": 0.9966605010221327}
{"w": 0.7032035324307186, "i": -0.701488271908004, "j": -0.07453476181172755, "k": -0.08867674799038978, "x": 0.002860024327182775, "y": 0.3691444504953314, "z": 0.9976867807784857}
{"w": 0.702961999847287, "i": -0.7014076433226024, "j": -0.07592618963467361, "k": -0.09003864940622029, "x": 0.002692552543916547, "y": 0.3691782890350874, "z": 0.9991807264853381}
{"w": 0.7027829729998479, "i": -0.7012008530303928, "j": -0.07754503372247537, "k": -0.09165273763464522, "x": 0.0026530625310141444, "y": 0.36915796188431294, "z": 1.0001959501380362}
{"w": 0.7025422469090729, "i": -0.7011121744429898, "j": -0.07891956429620325, "k": -0.09299361551779886, "x": 0.0025335402332859946, "y": 0.3691759691132941, "z": 1.0016710400189002}
{"w": 0.7023553159750752, "i": -0.700900189497849, "j": -0.08053560100856065, "k": -0.09460418306619431, "x": 0.002512004099866232, "y": 0.3691490463861722, "z": 1.0026722897733482}
{"w": 0.7021165704199992, "i": -0.7008025421013185, "j": -0.08188887026291193, "k": -0.09592878323554764, "x": 0.0024397179053445395, "y": 0.36915215166477555, "z": 1.0041258467266467}
{"w": 0.701925063751772, "i": -0.7005819504827391, "j": -0.08349994239062207, "k": -0.09753919804691438, "x": 0.0024410623487996085, "y": 0.36911827133786645, "z": 1.0051197247904538}
{"w": 0.7016833006434908, "i": -0.700476054551252, "j": -0.08485701602502327, "k": -0.09885913933318244, "x": 0.0023777890362823026, "y": 0.36911709885662125, "z": 1.0065748857395063}
{"w": 0.7014860670706069, "i": -0.7002460138404679, "j": -0.0864775602551901, "k": -0.10047113704272351, "x": 0.00237563251454957, "y": 0.3690838412006151, "z": 1.0075777831983574}
{"w": 0.701232348646123, "i": -0.7001341356546212, "j": -0.08786154859841556, "k": -0.10181224671564529, "x": 0.002282556090180159, "y": 0.3690921767179196, "z": 1.0090505824385514}
{"w": 0.7010294303307268, "i": -0.6998944307834497, "j": -0.089495773613887, "k": -0.10342161318476732, "x": 0.002252875166196883, "y": 0.36906613686573475, "z": 1.0100711526673463}
{"w": 0.7007652694970545, "i": -0.6997786018715307, "j": -0.09088975794457882, "k": -0.1047711665021571, "x": 0.0021156827191185627, "y": 0.36908829877528027, "z": 1.0115625613807686}
{"w": 0.7005571963628886, "i": -0.6995301174969923, "j": -0.09252279658393033, "k": -0.10638026814735216, "x": 0.00206341742792036, "y": 0.36906935291769866, "z": 1.0125871776684945}
{"w": 0.7002891158384048, "i": -0.699406921262636, "j": -0.09391202754924342, "k": -0.10772949368569745, "x": 0.0019087674682069455, "y": 0.36909711166074954, "z": 1.0140765574109378}
{"w": 0.7000812022109062, "i": -0.6991495291892013, "j": -0.09551646884130173, "k": -0.10932909185363031, "x": 0.0018551253353889198, "y": 0.3690800710391531, "z": 1.0150941143416738}
{"w": 0.6998159855381872, "i": -0.699017213337481, "j": -0.09688813461971577, "k": -0.11065808245686715, "x": 0.0016991571149409328, "y": 0.3691073186875818, "z": 1.016560029897906}
{"w": 0.6996171120462521, "i": -0.6987468664134046, "j": -0.09845972247667045, "k": -0.11222475778244138, "x": 0.0016696141665027138, "y": 0.36908199297621114, "z": 1.017561691790197}
{"w": 0.6993548983021145, "i": -0.6986056844118317, "j": -0.09980966687521267, "k": -0.11353789819516348, "x": 0.001537385693369414, "y": 0.36910231111961966, "z": 1.0190119069669108}
{"w": 0.6991558927817422, "i": -0.6983275223122574, "j": -0.10136523577294462, "k": -0.11508604670630015, "x": 0.0015133764582303862, "y": 0.36907456950819517, "z": 1.0200102978181518}
{"w": 0.6988924290902526, "i": -0.6981785193047111, "j": -0.1027124244860771, "k": -0.11638851145194792, "x": 0.0013866035950394553, "y": 0.36909170986555245, "z": 1.021467172117935}
{"w": 0.6986814364148215, "i": -0.6978937195074153, "j": -0.104285799646119, "k": -0.11795371411531384, "x": 0.001361851016506425, "y": 0.36906381701498414, "z": 1.0224790951452378}
{"w": 0.698400975371558, "i": -0.6977414869891693, "j": -0.10565566088952248, "k": -0.11928862584587852, "x": 0.0012225282357626196, "y": 0.3690859899032405, "z": 1.0239619493190057}
{"w": 0.6981708958374755, "i": -0.6974539028142317, "j": -0.1072448774289241, "k": -0.12088833657532391, "x": 0.0011911286918846603, "y": 0.3690619604335693, "z": 1.0249902756542395}
{"w": 0.697872835945642, "i": -0.6972983888474203, "j": -0.10863972280098572, "k": -0.12225331238745492, "x": 0.0010442495910313039, "y": 0.3690868692073262, "z": 1.0264888535666767}
{"w": 0.6976244925011423, "i": -0.6970051954107752, "j": -0.11025522544269928, "k": -0.12388547249573235, "x": 0.001014565511479481, "y": 0.36906320446149243, "z": 1.0275214364182192}
{"w": 0.6973190059725526, "i": -0.6968438679546676, "j": -0.11165367796238859, "k": -0.1252528794116163, "x": 0.0008840755417150502, "y": 0.3690832518686838, "z": 1.0290126414917156}
{"w": 0.6970586315852717, "i": -0.6965454797690865, "j": -0.11328503077503958, "k": -0.12688640805074605, "x": 0.0008573837170446773, "y": 0.36905773054979707, "z": 1.0300317737773903}
{"w": 0.6967496119969929, "i": -0.6963771735094432, "j": -0.11468294566605942, "k": -0.1282444243247829, "x": 0.0007480341514691522, "y": 0.3690701281422877, "z": 1.0315035370602506}
{"w": 0.6964770935894262, "i": -0.696071957015706, "j": -0.11633210254003383, "k": -0.12988583710384433, "x": 0.0007292055732836485, "y": 0.36904156453485226, "z": 1.032507254572579}
{"w": 0.6961624368140733, "i": -0.695897340661798, "j": -0.11772926117704396, "k": -0.13124242413044976, "x": 0.0006332250656832265, "y": 0.3690497200873853, "z": 1.0339663368281198}
{"w": 0.6958754171114054, "i": -0.6955886921488423, "j": -0.11938169425098627, "k": -0.13289765344976953, "x": 0.0006085560453535184, "y": 0.36902336948257847, "z": 1.0349685471076513}
{"w": 0.6955408353309742, "i": -0.6954109424373642, "j": -0.12080792103036045, "k": -0.13428333381991348, "x": 0.0004760712905661213, "y": 0.36904241686572054, "z": 1.0364400490127343}
{"w": 0.6952352957990248, "i": -0.6950971939442916, "j": -0.12247815477169456, "k": -0.13596645192743606, "x": 0.00042634680655585875, "y": 0.36902449549493177, "z": 1.0374518115229916}
{"w": 0.694882401127448, "i": -0.6949169382826252, "j": -0.12392076844619537, "k": -0.1373773658175156, "x": 0.00025095478384856446, "y": 0.36905763651340584, "z": 1.0389400566735936}
{"w": 0.6945639306664038, "i": -0.6945956563514516, "j": -0.12560241577519168, "k": -0.13907499252693753, "x": 0.00017658461640156263, "y": 0.3690481615505358, "z": 1.0399621494766367}
{"w": 0.6941990946885656, "i": -0.6944074025004193, "j": -0.12706314348776845, "k": -0.14050243362021894, "x": -2.9478140340918023e-05, "y": 0.3690907127346225, "z": 1.0414485631559207}
{"w": 0.6938767881294249, "i": -0.6940752884661447, "j": -0.12873874243485817, "k": -0.1421999754997272, "x": -0.00011367238237592172, "y": 0.36908472271010767, "z": 1.042465378273479}
{"w": 0.6935147049428507, "i": -0.6938766769858709, "j": -0.1301855999940243, "k": -0.1436113530236136, "x": -0.000313466052334527, "y": 0.3691248012177308, "z": 1.0439372003209766}
{"w": 0.6932014716639516, "i": -0.6935313379566327, "j": -0.13183184918726745, "k": -0.1452803031896641, "x": -0.0003704386742393057, "y": 0.36910979194670646, "z": 1.0449413733357966}
{"w": 0.6928519491870947, "i": -0.6933217889964739, "j": -0.13323949991448936, "k": -0.1466571139526127, "x": -0.0005271426013243514, "y": 0.3691366499990013, "z": 1.0463957083219797}
{"w": 0.6925521913307034, "i": -0.6929663936850606, "j": -0.1348396533120139, "k": -0.1482811768258494, "x": -0.0005497940996938861, "y": 0.36911060851320665, "z": 1.0473959887236497}
{"w": 0.692212005523912, "i": -0.6927494216921919, "j": -0.13620827946087322, "k": -0.14962647746975247, "x": -0.0006629515778430197, "y": 0.36912454708111897, "z": 1.048858517736907}
{"w": 0.6919145744174647, "i": -0.6923846659883499, "j": -0.13779605199498973, "k": -0.1512281193015847, "x": -0.0006679722447197776, "y": 0.3690920581043584, "z": 1.0498728955944734}
{"w": 0.6915744376336874, "i": -0.6921586272993244, "j": -0.13916349121582888, "k": -0.1525606586882298, "x": -0.000761838640938465, "y": 0.3690989563683682, "z": 1.0513587332441354}
{"w": 0.6912756955416384, "i": -0.6917851471194607, "j": -0.1407473617952884, "k": -0.15414734226056895, "x": -0.0007534541962275982, "y": 0.3690617237693302, "z": 1.0523886867251295}
{"w": 0.6909261727431393, "i": -0.6915527034150986, "j": -0.14212664256325622, "k": -0.1554860112405085, "x": -0.0008428729561485741, "y": 0.3690669490576266, "z": 1.0538867409254964}
{"w": 0.6906153466026064, "i": -0.6911691160247758, "j": -0.1437359845249141, "k": -0.15708489056286135, "x": -0.0008373567967836118, "y": 0.369029412318422, "z": 1.0549189989516383}
{"w": 0.6902585102847234, "i": -0.6909280586832602, "j": -0.14513302450614066, "k": -0.15842352066974305, "x": -0.0009251689043530175, "y": 0.36903257628160646, "z": 1.0564137698932736}
{"w": 0.6899362109005983, "i": -0.690536804062323, "j": -0.14675556595182318, "k": -0.16003046892913583, "x": -0.0009183511063223966, "y": 0.36899402802773995, "z": 1.0574406309968356}
{"w": 0.6895737441178378, "i": -0.6902884488697004, "j": -0.1481493189970955, "k": -0.161374372380088, "x": -0.0009855851078340574, "y": 0.3689915404351649, "z": 1.0589208160598842}
{"w": 0.6892328928578642, "i": -0.6898871127468778, "j": -0.14980368323072035, "k": -0.16301118844750406, "x": -0.0009788697399596264, "y": 0.36895266521078585, "z": 1.0599363818628333}
{"w": 0.6888580761451454, "i": -0.6896307654643756, "j": -0.15121528761914205, "k": -0.1643712111194943, "x": -0.0010488858655355775, "y": 0.3689501506143351, "z": 1.0614148613496288}
{"w": 0.6884972797024249, "i": -0.6892190747767056, "j": -0.15290570784156218, "k": -0.16603736722730283, "x": -0.0010549612692649776, "y": 0.36891405297859925, "z": 1.0624335332007624}
{"w": 0.6880979268813384, "i": -0.6889533945907073, "j": -0.15436894184410813, "k": -0.16743563807468453, "x": -0.0011627725199568183, "y": 0.3689216429518165, "z": 1.0639288500177162}
{"w": 0.6877110937892417, "i": -0.6885346250788539, "j": -0.15609362911242644, "k": -0.1691398844070788, "x": -0.0012030389725602008, "y": 0.36889611729966604, "z": 1.0649575589761717}
{"w": 0.6872846132532945, "i": -0.6882641392467563, "j": -0.15759829794309643, "k": -0.17057289203631018, "x": -0.0013714483798331792, "y": 0.3689212751188191, "z": 1.0664664065431768}
{"w": 0.6868783655855815, "i": -0.6878365825977913, "j": -0.15935507777868768, "k": -0.1722930808733219, "x": -0.0014470385081882678, "y": 0.3689051707235067, "z": 1.0674981422734087}
{"w": 0.6864336543401083, "i": -0.687559894141592, "j": -0.16087764220346742, "k": -0.1737487104882834, "x": -0.0016555212834671392, "y": 0.3689430384499629, "z": 1.06900009885838}
{"w": 0.6860141593363953, "i": -0.6871262994852522, "j": -0.16263270630538526, "k": -0.17547827382747283, "x": -0.0017502504641157593, "y": 0.368933898499346, "z": 1.0700211651734668}
{"w": 0.6855691654736047, "i": -0.686841730389585, "j": -0.16414118752457874, "k": -0.17692096344211905, "x": -0.0019506687437729395, "y": 0.3689690934201514, "z": 1.0715027619751263}
{"w": 0.6851520784063343, "i": -0.6863982411168419, "j": -0.1658749728209199, "k": -0.17863252066420063, "x": -0.002028852039280647, "y": 0.3689549834146832, "z": 1.0725113741650132}
{"w": 0.6847184518615005, "i": -0.6861054968605342, "j": -0.16734597657843686, "k": -0.18004225332171236, "x": -0.0021835442608214672, "y": 0.36897666919336175, "z": 1.0739752623485426}
{"w": 0.6843141105479394, "i": -0.6856527282050453, "j": -0.16904136597615874, "k": -0.18171282563120236, "x": -0.0022304886339618974, "y": 0.36895216449219853, "z": 1.0749844798887473}
{"w": 0.6838913647989913, "i": -0.6853502754110912, "j": -0.1704872963201886, "k": -0.1830892758758622, "x": -0.0023444700776449313, "y": 0.36896039947947845, "z": 1.0764587216559756}
{"w": 0.6834949215085858, "i": -0.6848867403296491, "j": -0.17215886752400072, "k": -0.18473269749953336, "x": -0.0023572333203219983, "y": 0.36892517290069704, "z": 1.0774785599526686}
{"w": 0.683075288780709, "i": -0.6845789164212396, "j": -0.17358025115512657, "k": -0.1860907129805148, "x": -0.0024431313003041096, "y": 0.36892553998222977, "z": 1.078975548177975}
{"w": 0.6826800005045994, "i": -0.6841100404926445, "j": -0.17522665372690227, "k": -0.18771544750463495, "x": -0.0024331940909898347, "y": 0.3688841547600723, "z": 1.0800083769003772}
{"w": 0.6822528356497132, "i": -0.6837962774001213, "j": -0.1766445824688845, "k": -0.1890777901977282, "x": -0.0025172494605215294, "y": 0.36888483986638865, "z": 1.0815139639724884}
{"w": 0.6818465865786413, "i": -0.683323744060313, "j": -0.17827884321974724, "k": -0.1907106374450072, "x": -0.0025101098727057405, "y": 0.3688460212295177, "z": 1.082547916518939}
{"w": 0.6814146381278998, "i": -0.6830046566435126, "j": -0.17969129406096468, "k": -0.19206709449303688, "x": -0.002596478384123454, "y": 0.368846873932937, "z": 1.0840416718745298}
{"w": 0.6810003198551067, "i": -0.6825246366534421, "j": -0.18132325345985897, "k": -0.19370225211148595, "x": -0.0025887965424134783, "y": 0.3688081995080402, "z": 1.0850601384865186}
{"w": 0.6805580023787603, "i": -0.6821980030449815, "j": -0.18274265686649652, "k": -0.19506873506804076, "x": -0.0026822958792521658, "y": 0.36881158369829103, "z": 1.0865284681619842}
{"w": 0.680132523363543, "i": -0.6817068829996379, "j": -0.1843932098912261, "k": -0.19670948243556668, "x": -0.002688538980654689, "y": 0.3687753403918811, "z": 1.08753545236301}
{"w": 0.6796799294217218, "i": -0.6813725903955097, "j": -0.18582368927275467, "k": -0.19808115282393607, "x": -0.0027924981578078484, "y": 0.3687805339215092, "z": 1.088998666412955}
{"w": 0.6792349066237516, "i": -0.680873979776077, "j": -0.18749333772478807, "k": -0.1997418674102377, "x": -0.0028169762160170945, "y": 0.3687497136806897, "z": 1.0900073516737154}
{"w": 0.6787602865287761, "i": -0.6805331436148764, "j": -0.18894803383919395, "k": -0.20114113050624796, "x": -0.0029573546624785067, "y": 0.3687659408772537, "z": 1.0914839877063451}
{"w": 0.6782887984983347, "i": -0.6800288255588071, "j": -0.1906437100043101, "k": -0.20283017052842134, "x": -0.0030157071497490394, "y": 0.36874472359235977, "z": 1.092497066467173}
{"w": 0.6777870615927726, "i": -0.6796802043552399, "j": -0.19213736492417813, "k": -0.20426147934705738, "x": -0.003213585384054181, "y": 0.36877648564496646, "z": 1.0939821745313927}
{"w": 0.677289372222484, "i": -0.6791654246428946, "j": -0.19386666014519954, "k": -0.20598337391220936, "x": -0.0032982674801153348, "y": 0.3687635171082949, "z": 1.0949980500051832}
{"w": 0.6767686239507532, "i": -0.6788056981865795, "j": -0.19539222263729736, "k": -0.207434165648024, "x": -0.00352514557144437, "y": 0.36880254292196424, "z": 1.0964752360884273}
{"w": 0.676253299571238, "i": -0.6782766635784185, "j": -0.1971502888232022, "k": -0.20917458277924453, "x": -0.003624417228032192, "y": 0.3687933040441563, "z": 1.0974813708349382}
{"w": 0.6757255189945752, "i": -0.6779070948248087, "j": -0.19867587693028788, "k": -0.21062974550542843, "x": -0.00383708972256662, "y": 0.3688286456706089, "z": 1.0989409223129172}
{"w": 0.6752068761429012, "i": -0.677366927735654, "j": -0.20042884355435522, "k": -0.2123628929233419, "x": -0.003911576079164489, "y": 0.36881206793814447, "z": 1.099939931704656}
{"w": 0.6746880232524951, "i": -0.6769896418621785, "j": -0.2019249069258616, "k": -0.2137929560437916, "x": -0.004068044977245376, "y": 0.3688315307248449, "z": 1.1013999530815308}
{"w": 0.674176695740359, "i": -0.676441349455582, "j": -0.20364751811594145, "k": -0.21550074717397288, "x": -0.004102314096369445, "y": 0.36880297062484624, "z": 1.1024043793357137}
{"w": 0.6736665253727605, "i": -0.6760574015694841, "j": -0.20511410633020657, "k": -0.21690552265830082, "x": -0.0042067138917871415, "y": 0.36880749591228634, "z": 1.1038818206352947}
{"w": 0.6731671033505642, "i": -0.6755008661059559, "j": -0.20680417972999734, "k": -0.21857873204618444, "x": -0.0042030651904479115, "y": 0.368767254299339, "z": 1.1049043025210652}
{"w": 0.6726622692072969, "i": -0.6751082041171049, "j": -0.20825570053223127, "k": -0.219963514052894, "x": -0.004275012753111949, "y": 0.3687622660795812, "z": 1.1063992803139657}
{"w": 0.6721663151488732, "i": -0.6745413887557122, "j": -0.20992958660642952, "k": -0.22162113685737408, "x": -0.0042530291626448995, "y": 0.3687172350418111, "z": 1.1074293828958075}
{"w": 0.6716592314657304, "i": -0.6741403778769444, "j": -0.21137686164648672, "k": -0.22299876695461285, "x": -0.004324865332297445, "y": 0.36871153221960073, "z": 1.1089232275931806}
{"w": 0.6711580842576343, "i": -0.673567247635575, "j": -0.21303758600361, "k": -0.22465301199408222, "x": -0.004302244734707264, "y": 0.3686673190029696, "z": 1.109948041519314}
{"w": 0.6706473668850182, "i": -0.6731606685275433, "j": -0.21447244714591537, "k": -0.22602741659583223, "x": -0.004370786567038755, "y": 0.3686615283143303, "z": 1.1114281205928176}
{"w": 0.6701346337741432, "i": -0.6725812671864864, "j": -0.21612641344853412, "k": -0.22769142508247767, "x": -0.004347059007584661, "y": 0.3686181006482835, "z": 1.1124397342057146}
{"w": 0.6696137014242581, "i": -0.6721693729991899, "j": -0.21755746330583262, "k": -0.2290732961886052, "x": -0.004426140140467732, "y": 0.36861585223488574, "z": 1.1139091240120316}
{"w": 0.6690858796377416, "i": -0.6715806918758795, "j": -0.21922356170795, "k": -0.23074767596009726, "x": -0.004422423703041699, "y": 0.3685771801673967, "z": 1.1149203970430996}
{"w": 0.6685463071191993, "i": -0.6711573416802699, "j": -0.2206818239422092, "k": -0.23214906962444423, "x": -0.0045314156241901, "y": 0.36858231449931866, "z": 1.1163941703998073}
{"w": 0.6679975948761939, "i": -0.6705566412685859, "j": -0.22237011238562315, "k": -0.23384725187142757, "x": -0.004554086277440554, "y": 0.36855144489113834, "z": 1.1174137494034475}
{"w": 0.6674295757879011, "i": -0.6701215448641162, "j": -0.22386640550554956, "k": -0.23528431515623452, "x": -0.004704257385867435, "y": 0.3685681589932367, "z": 1.1188993499432691}
{"w": 0.6668538210773308, "i": -0.6695088821889981, "j": -0.22558341086820835, "k": -0.23701468883946308, "x": -0.0047441521232544845, "y": 0.368543112393958, "z": 1.1199197888182444}
{"w": 0.6662617363403176, "i": -0.6690648087998241, "j": -0.2271032472836105, "k": -0.23847787190362124, "x": -0.004929685957080888, "y": 0.3685699577586948, "z": 1.12140079482686}
{"w": 0.6656607669793763, "i": -0.6684444455136794, "j": -0.22883707002004008, "k": -0.2402318920355542, "x": -0.004985697996321606, "y": 0.3685502096124409, "z": 1.122409787653995}
{"w": 0.6650570749527863, "i": -0.6679947526184679, "j": -0.2303553214542225, "k": -0.24169924163546436, "x": -0.005166360616429149, "y": 0.36857631260540735, "z": 1.1238761814484934}
{"w": 0.6644388093514605, "i": -0.6673665656781288, "j": -0.23209736580574153, "k": -0.24346200612955968, "x": -0.005211775820318309, "y": 0.36855381645307944, "z": 1.124874619416532}
{"w": 0.6638360787268365, "i": -0.6669110878738541, "j": -0.23359883224082842, "k": -0.24491395841644362, "x": -0.005348298701868021, "y": 0.36856749353329105, "z": 1.1263338844446653}
{"w": 0.6632105784273757, "i": -0.6662717450134579, "j": -0.23534383970994602, "k": -0.24667178105597604, "x": -0.005369979239716383, "y": 0.36853773488567265, "z": 1.12733416878699}
{"w": 0.6626061771828625, "i": -0.6658048295433698, "j": -0.2368443597354791, "k": -0.24811636821727207, "x": -0.005466486054953069, "y": 0.3685397420155856, "z": 1.1288079543084921}
{"w": 0.6619792254703868, "i": -0.6651552654307124, "j": -0.23857512183058843, "k": -0.2498677433342416, "x": -0.00545027761210415, "y": 0.3684998262873681, "z": 1.129824189233928}
{"w": 0.6613719066135009, "i": -0.6646782145957614, "j": -0.24007283775243496, "k": -0.25130679409380763, "x": -0.0055157093638636134, "y": 0.36849290059627204, "z": 1.1313208615446078}
{"w": 0.6607490513120173, "i": -0.6640175677151886, "j": -0.24178885304273962, "k": -0.25304053331462667, "x": -0.00548473307400754, "y": 0.36844797232949067, "z": 1.1323491552701095}
{"w": 0.6601436275041707, "i": -0.6635329906615215, "j": -0.24327108459913924, "k": -0.2544671703135228, "x": -0.005534026908003543, "y": 0.36843674868441934, "z": 1.1338459056726524}
{"w": 0.659528535867385, "i": -0.6628641338579948, "j": -0.24496634664787256, "k": -0.2561732605704761, "x": -0.005500476868745237, "y": 0.36839018984605504, "z": 1.1348681681444286}
{"w": 0.6589281648508264, "i": -0.6623724400664533, "j": -0.24643522501872214, "k": -0.2575773749317036, "x": -0.005572399031640066, "y": 0.3683837818579331, "z": 1.1363475540180519}
{"w": 0.6583148247545079, "i": -0.6616931947881046, "j": -0.24812430610451494, "k": -0.259264413677825, "x": -0.0055494783481404835, "y": 0.36833954480109554, "z": 1.1373571875596182}
{"w": 0.6577153303290009, "i": -0.6611943510224544, "j": -0.24958202786838155, "k": -0.2606556843640972, "x": -0.005627813224076313, "y": 0.3683345130193526, "z": 1.1388202552568503}
{"w": 0.6570979990116993, "i": -0.6605062730824593, "j": -0.25126752261443436, "k": -0.26233245127651683, "x": -0.005624521948509011, "y": 0.36829465017566454, "z": 1.139825519862769}
{"w": 0.6564833400022004, "i": -0.6599942279750394, "j": -0.25274938173946065, "k": -0.2637328067751682, "x": -0.005753506271094717, "y": 0.36830162765247687, "z": 1.1412958043738655}
{"w": 0.655850629248529, "i": -0.6592949063913182, "j": -0.25444596902362904, "k": -0.2654193424910827, "x": -0.00578060572059071, "y": 0.3682693268230145, "z": 1.1423114250370412}
{"w": 0.6552109858947405, "i": -0.6587726440901533, "j": -0.2559509108852194, "k": -0.2668450834816666, "x": -0.005951850408332806, "y": 0.36828754767451316, "z": 1.143795339743493}
{"w": 0.6545578625052109, "i": -0.6580604940310179, "j": -0.2576646550835328, "k": -0.2685503981545123, "x": -0.0060019499120727016, "y": 0.36826137354814203, "z": 1.1448143143124265}
{"w": 0.6538982058436874, "i": -0.6575223737303063, "j": -0.2591996655902363, "k": -0.2699944403064261, "x": -0.006204114305968227, "y": 0.3682868322494597, "z": 1.146297017222641}
{"w": 0.6532199954094902, "i": -0.656793669703513, "j": -0.26094497627870117, "k": -0.27172308034012693, "x": -0.006275266985600275, "y": 0.3682660816972016, "z": 1.14731197142099}
{"w": 0.6525456972034874, "i": -0.6562475544542719, "j": -0.26248166969611925, "k": -0.27317875724063945, "x": -0.0064622549951099135, "y": 0.3682887613521951, "z": 1.148783006085511}
{"w": 0.6518512079342225, "i": -0.6555053429432814, "j": -0.26424194593893546, "k": -0.2749162455983844, "x": -0.006509684800366592, "y": 0.36826153060240047, "z": 1.1497866189425339}
{"w": 0.6511734292495813, "i": -0.6549477587196791, "j": -0.26578164236472834, "k": -0.2763633784880295, "x": -0.006658959680564637, "y": 0.36827283102470754, "z": 1.151249521344087}
{"w": 0.6504599943094227, "i": -0.6541912844099346, "j": -0.26756091357676953, "k": -0.2781127770006821, "x": -0.006681852292438336, "y": 0.36823827675089627, "z": 1.152255829000635}
{"w": 0.6497765894352844, "i": -0.6536258637371771, "j": -0.26909359995655613, "k": -0.27955723660477966, "x": -0.006777434418622585, "y": 0.3682355565901778, "z": 1.1537348315075147}
{"w": 0.649053258097919, "i": -0.652856823885369, "j": -0.2708792364931484, "k": -0.2813045945157567, "x": -0.006774884702183974, "y": 0.3681929803634567, "z": 1.1547564136797508}
{"w": 0.6483634662513877, "i": -0.6522811235728248, "j": -0.2724129576775601, "k": -0.28274605558773686, "x": -0.006839383661456905, "y": 0.3681816666391018, "z": 1.1562540500812144}
{"w": 0.6476360964815644, "i": -0.6515032779579861, "j": -0.27418819713135717, "k": -0.28448514530283947, "x": -0.006825556019656809, "y": 0.36813597356352284, "z": 1.1572806150983226}
{"w": 0.6469433620358157, "i": -0.6509172656814343, "j": -0.2757203725705662, "k": -0.28591830250116784, "x": -0.00688925624203927, "y": 0.3681235778556583, "z": 1.158773679923394}
{"w": 0.6462146473391726, "i": -0.6501296747242288, "j": -0.2774823924309751, "k": -0.28764832260602635, "x": -0.006877479042995608, "y": 0.3680789073570925, "z": 1.1597951135859106}
{"w": 0.6455188059325465, "i": -0.6495367847178535, "j": -0.27900295878852105, "k": -0.28907574348786774, "x": -0.006957719981580079, "y": 0.3680712228704516, "z": 1.1612681421305835}
{"w": 0.6447915454258403, "i": -0.6487418289634961, "j": -0.280745978911407, "k": -0.29079133003845076, "x": -0.006957012351621925, "y": 0.368029083138959, "z": 1.162272503996459}
{"w": 0.6440887012666514, "i": -0.6481429291185689, "j": -0.28225727851927895, "k": -0.29221792733699803, "x": -0.007066600266606543, "y": 0.368029122501779, "z": 1.1637287948713608}
{"w": 0.643350579811829, "i": -0.6473416960204392, "j": -0.2839903284276518, "k": -0.2939357981068652, "x": -0.0070823000847408234, "y": 0.36799219102517633, "z": 1.1647303691602346}
{"w": 0.6426333390073519, "i": -0.6467340200429665, "j": -0.2855048637518907, "k": -0.295371751678018, "x": -0.007224859258707125, "y": 0.3680003919539383, "z": 1.1661945264028108}
{"w": 0.64188330869129, "i": -0.6459240016973574, "j": -0.2872338482248599, "k": -0.2970937873613874, "x": -0.007258034039020494, "y": 0.3679678974006628, "z": 1.1672048479829402}
{"w": 0.6411509405611603, "i": -0.6453046417822549, "j": -0.2887596125568926, "k": -0.2985385684761837, "x": -0.007424038560577379, "y": 0.3679816953565117, "z": 1.1686796647180946}
{"w": 0.6403861261026433, "i": -0.6444817645891309, "j": -0.2904964237740123, "k": -0.3002677011965151, "x": -0.007468404237071669, "y": 0.367951912822099, "z": 1.169694346251861}
{"w": 0.6396449357344662, "i": -0.6438544868768572, "j": -0.29201907340726296, "k": -0.30171280497213565, "x": -0.007630499258628061, "y": 0.3679647170257343, "z": 1.1711663222475244}
{"w": 0.6388688810961075, "i": -0.6430253053711089, "j": -0.2937436809045005, "k": -0.30344630389588795, "x": -0.007653141744328173, "y": 0.36793114658762327, "z": 1.172176491994782}
{"w": 0.6381233186019625, "i": -0.6423909608588713, "j": -0.2952566577358687, "k": -0.3048868474137235, "x": -0.0077815511481795436, "y": 0.36793602712909024, "z": 1.1736391430533575}
{"w": 0.6373355868776703, "i": -0.641554238770955, "j": -0.296975484664505, "k": -0.3066220310457145, "x": -0.007782010211007126, "y": 0.36789744570601846, "z": 1.1746425584013425}
{"w": 0.6365835550237867, "i": -0.6409097135897492, "j": -0.29848900670639045, "k": -0.308059132919341, "x": -0.007868825248434854, "y": 0.3678913829841198, "z": 1.1761101492155688}
{"w": 0.6357770551715922, "i": -0.6400548349210969, "j": -0.3002317688789004, "k": -0.3098035334971382, "x": -0.0078478563208913, "y": 0.3678462060159706, "z": 1.17712238817422}
{"w": 0.6350101234861598, "i": -0.6393939692015163, "j": -0.3017638126050504, "k": -0.31124925159891875, "x": -0.007908014187054004, "y": 0.3678327295898466, "z": 1.1786111674548367}
{"w": 0.6341792631829253, "i": -0.6385150526897085, "j": -0.3035439211899765, "k": -0.3130116252570096, "x": -0.00788428534171571, "y": 0.3677849992699197, "z": 1.1796350931088255}
{"w": 0.6333898740940059, "i": -0.6378375952374746, "j": -0.3050987645831328, "k": -0.3144760934422545, "x": -0.007946452385831065, "y": 0.3677715738321192, "z": 1.1811306341416412}
{"w": 0.6325370806169552, "i": -0.6369402123712442, "j": -0.30689792381009195, "k": -0.31625570646252293, "x": -0.007927805088121492, "y": 0.36772519188697766, "z": 1.182147467731905}
{"w": 0.6317345996771742, "i": -0.6362507325273206, "j": -0.30845675278215645, "k": -0.3177276075386857, "x": -0.00800534084821335, "y": 0.367715638364279, "z": 1.1836247583930597}
{"w": 0.6308714202670439, "i": -0.6353411890443581, "j": -0.3102547427354637, "k": -0.3195071504741263, "x": -0.008000343166418768, "y": 0.36767301450434126, "z": 1.1846256420387604}
{"w": 0.630065623017941, "i": -0.6346447545651994, "j": -0.3118035043373338, "k": -0.32097028036385383, "x": -0.008103023114870992, "y": 0.3676697773201363, "z": 1.186077757083519}
{"w": 0.6291983778837672, "i": -0.6337280864299407, "j": -0.3135860808526135, "k": -0.3227412022562049, "x": -0.00812255113657041, "y": 0.36763368167565447, "z": 1.1870712667943135}
{"w": 0.6283778800242483, "i": -0.6330174147434453, "j": -0.3151469365382533, "k": -0.32421073535327505, "x": -0.008275453429092134, "y": 0.3676417085043851, "z": 1.1885271000155664}
{"w": 0.6275038472310074, "i": -0.6320888620709699, "j": -0.31692593427532983, "k": -0.32597629413781143, "x": -0.008319538507864266, "y": 0.36761051714197834, "z": 1.1895333481914205}
{"w": 0.6266629149945283, "i": -0.6313656941707929, "j": -0.3184971264112878, "k": -0.32746073300862527, "x": -0.008510515520178945, "y": 0.3676277685700392, "z": 1.191010749249618}
{"w": 0.6257726309205645, "i": -0.6304287152576811, "j": -0.3202671207497818, "k": -0.32923733192933924, "x": -0.008560672759137364, "y": 0.36759936501437, "z": 1.1920299752678785}
{"w": 0.6249242709765251, "i": -0.6296965657048423, "j": -0.32183218135394703, "k": -0.3307203315929436, "x": -0.00873991617095482, "y": 0.3676137484474306, "z": 1.1935180068395137}
{"w": 0.6240285374548947, "i": -0.6287539196569892, "j": -0.3235827596245117, "k": -0.33249224146085493, "x": -0.008760710631851583, "y": 0.36757933628939654, "z": 1.1945380002223025}
{"w": 0.6231801011906102, "i": -0.628017245737616, "j": -0.3251272551770836, "k": -0.33396581932469666, "x": -0.0088939354989126, "y": 0.3675837769273739, "z": 1.1960175079326811}
{"w": 0.6222772658021695, "i": -0.6270670247289597, "j": -0.3268644404152697, "k": -0.33573440180499786, "x": -0.008874043291724934, "y": 0.3675409475822976, "z": 1.1970279085588214}
{"w": 0.6214310923128702, "i": -0.6263237452608217, "j": -0.32839214982202847, "k": -0.337195135736798, "x": -0.008947818973295964, "y": 0.3675309466105371, "z": 1.1984982206868082}
{"w": 0.620514572088811, "i": -0.6253591197553383, "j": -0.3301359211406191, "k": -0.3389659433289776, "x": -0.008907195824592474, "y": 0.3674827813299347, "z": 1.1995125237916366}
{"w": 0.6196572956082838, "i": -0.6246074254543964, "j": -0.3316619591158759, "k": -0.3404272975865458, "x": -0.008949972685171396, "y": 0.36746566377310497, "z": 1.2010005096533845}
{"w": 0.6187194542922609, "i": -0.6236278430048362, "j": -0.3334191345807335, "k": -0.3422078768889716, "x": -0.008900510253826613, "y": 0.3674144989966285, "z": 1.2020258159994066}
{"w": 0.6178415507160282, "i": -0.622863178242589, "j": -0.3349575717009112, "k": -0.34368110881831127, "x": -0.008941487859720753, "y": 0.3673967563694377, "z": 1.2035262164488079}
{"w": 0.61687512259594, "i": -0.6218636385757202, "j": -0.3367418104858997, "k": -0.345478872306671, "x": -0.008912406014363572, "y": 0.3673498675922432, "z": 1.2045551622436965}
{"w": 0.615972502244748, "i": -0.6210813535500931, "j": -0.33830215488221294, "k": -0.3469689910536395, "x": -0.008981595644397544, "y": 0.3673385696091094, "z": 1.206045978705525}
{"w": 0.6149833737940713, "i": -0.6200670233087042, "j": -0.3400948774718169, "k": -0.34878046229594767, "x": -0.008961036229153578, "y": 0.3672941726466616, "z": 1.207058474350378}
{"w": 0.6140687584297142, "i": -0.6192699313684963, "j": -0.3416620079453704, "k": -0.3502732995108046, "x": -0.009049392874707953, "y": 0.3672866409578669, "z": 1.2085223169899062}
{"w": 0.6130599266267157, "i": -0.6182372079467376, "j": -0.34346614747435983, "k": -0.35209556460397284, "x": -0.009049673135327153, "y": 0.367247102396966, "z": 1.2095203079904087}
{"w": 0.6121314933716687, "i": -0.6174248996502756, "j": -0.3450420673519845, "k": -0.35359227914631686, "x": -0.009169569161145164, "y": 0.3672460862323734, "z": 1.2109734731013655}
{"w": 0.6111124340646562, "i": -0.6163742094175755, "j": -0.34685313911579746, "k": -0.3554114893780841, "x": -0.009200035410127184, "y": 0.3672124649811883, "z": 1.211976302156936}
{"w": 0.6101659878050428, "i": -0.6155443398984618, "j": -0.34844373499223824, "k": -0.35691679210920074, "x": -0.009356970442363003, "y": 0.36721977510697157, "z": 1.2134478039241834}
{"w": 0.6091467428253399, "i": -0.6144823132258244, "j": -0.35024599759263453, "k": -0.3587192127671166, "x": -0.009396100919158722, "y": 0.36718708870512934, "z": 1.2144636717426784}
{"w": 0.6082025963810289, "i": -0.613643709246895, "j": -0.35182741287136626, "k": -0.36020615126525696, "x": -0.009547628073596336, "y": 0.36719194146231676, "z": 1.2159468238501694}
{"w": 0.6071883481251917, "i": -0.6125738170901441, "j": -0.3536107216828123, "k": -0.36198768767400513, "x": -0.00956277578904083, "y": 0.36715340118562906, "z": 1.2169654595184904}
{"w": 0.6062493112344496, "i": -0.6117321244084826, "j": -0.3551669263245743, "k": -0.36345843646776926, "x": -0.009664090235299138, "y": 0.36714731464466244, "z": 1.2184466415787478}
{"w": 0.6052419327037601, "i": -0.6106571796845818, "j": -0.35692559275890157, "k": -0.3652179253957796, "x": -0.009634193079167888, "y": 0.36709853596781616, "z": 1.21945902518511}
{"w": 0.6043089262676167, "i": -0.6098078164054137, "j": -0.3584660329840148, "k": -0.3666704949690463, "x": -0.009684629241472393, "y": 0.3670798698755509, "z": 1.2209364763961519}
{"w": 0.6032975586006777, "i": -0.6087178900192058, "j": -0.3602232472667584, "k": -0.3684206811318014, "x": -0.009626424287107574, "y": 0.36702398565042305, "z": 1.2219513430530022}
{"w": 0.6023521165547727, "i": -0.607849802260813, "j": -0.36177749640093965, "k": -0.3698750987446235, "x": -0.009669412432244135, "y": 0.36700231277049655, "z": 1.2234415625562782}
{"w": 0.6013174337144357, "i": -0.6067317322729138, "j": -0.36356433982022646, "k": -0.3716381570496744, "x": -0.009620715658195677, "y": 0.3669465400383421, "z": 1.224469907209675}
{"w": 0.6003539259966183, "i": -0.6058435174864559, "j": -0.3651364459935085, "k": -0.37310075270269233, "x": -0.009664528116479082, "y": 0.3669242610340313, "z": 1.2259694687816691}
{"w": 0.5992868775708942, "i": -0.6046990201791487, "j": -0.3669537951130937, "k": -0.3748856433871588, "x": -0.00963726853668868, "y": 0.3668728583053822, "z": 1.226994558572114}
{"w": 0.5982945520192468, "i": -0.6037898424095912, "j": -0.3685478896212707, "k": -0.37636937745092647, "x": -0.00971073053916192, "y": 0.36685727303048943, "z": 1.228477738486003}
{"w": 0.597195787867622, "i": -0.60262627202833, "j": -0.3703827426895783, "k": -0.3781737578576201, "x": -0.009703756021288939, "y": 0.3668108649225029, "z": 1.2294848760558972}
{"w": 0.5961837362196237, "i": -0.6017019365972408, "j": -0.37198753080941754, "k": -0.3796643373885059, "x": -0.00981245415291183, "y": 0.36680291450351027, "z": 1.2309392057127613}
{"w": 0.5950553293340588, "i": -0.6005165351570452, "j": -0.3738431305398188, "k": -0.38148441617227413, "x": -0.00984376432125483, "y": 0.36676492226114843, "z": 1.2319316658543429}
{"w": 0.5940175791998346, "i": -0.5995714168526703, "j": -0.37546993219259434, "k": -0.3829876782797834, "x": -0.01000149615679543, "y": 0.3667668935505557, "z": 1.233382917796202}
{"w": 0.5928655303045203, "i": -0.5983639455518541, "j": -0.37734146379394556, "k": -0.38481745197197187, "x": -0.010058225736510181, "y": 0.3667338044458027, "z": 1.2343869277926844}
{"w": 0.5917982040338324, "i": -0.5973963840781306, "j": -0.3789894851814618, "k": -0.3863410619059232, "x": -0.010245917283537326, "y": 0.3667421108203689, "z": 1.235862900410317}
{"w": 0.5906325817049952, "i": -0.5961762277995819, "j": -0.3808531825152145, "k": -0.3881725289136088, "x": -0.010296849628801783, "y": 0.36670771805516816, "z": 1.2368791680715268}
{"w": 0.5895635851827514, "i": -0.5952030069881055, "j": -0.3824810097119296, "k": -0.3896876142611174, "x": -0.010443404608829246, "y": 0.36670726575953616, "z": 1.2383656482033452}
{"w": 0.5883957572219067, "i": -0.5939793160969237, "j": -0.384315175873589, "k": -0.39151098391429956, "x": -0.010452651083621207, "y": 0.36666537723219084, "z": 1.2393847724891296}
{"w": 0.5873364213010485, "i": -0.5930079078770247, "j": -0.3859074585311712, "k": -0.39300506721746525, "x": -0.010536491887013697, "y": 0.366651740430684, "z": 1.240867433140073}
{"w": 0.586173223899363, "i": -0.5917766719310987, "j": -0.3877170052775425, "k": -0.394812418700571, "x": -0.01049387440431655, "y": 0.36659825651971156, "z": 1.2418827955431777}
{"w": 0.5851165275553488, "i": -0.5907985009861654, "j": -0.3892906960483324, "k": -0.3962934952585976, "x": -0.010537602313983398, "y": 0.36657570349123947, "z": 1.2433639500741933}
{"w": 0.5839492592993999, "i": -0.5895625489698009, "j": -0.3910817440808045, "k": -0.3980883480618716, "x": -0.010485529751429605, "y": 0.36651993733661115, "z": 1.2443872664639852}
{"w": 0.5828721841757026, "i": -0.5885687197560132, "j": -0.39266310059933, "k": -0.3995779879657219, "x": -0.010534830286830322, "y": 0.36649833289751066, "z": 1.2458898995262973}
{"w": 0.5816879898114031, "i": -0.5873152328886545, "j": -0.39445993301190885, "k": -0.4013742156321903, "x": -0.010494973556556424, "y": 0.3664444649167393, "z": 1.2469210092702756}
{"w": 0.5805924210098872, "i": -0.586303471051603, "j": -0.3960524782999254, "k": -0.4028686075275761, "x": -0.010572205480922817, "y": 0.3664281310600902, "z": 1.2484214728920207}
{"w": 0.5793836508467229, "i": -0.5850278453010737, "j": -0.3978620440455375, "k": -0.40467616591765515, "x": -0.010547775145624758, "y": 0.36637766386703835, "z": 1.2494438073609178}
{"w": 0.5782670298229832, "i": -0.5840003684930117, "j": -0.39946196049153965, "k": -0.406178475475976, "x": -0.010654213641544553, "y": 0.36636786166575114, "z": 1.2509217616043007}
{"w": 0.5770282276149964, "i": -0.5827028180565527, "j": -0.4012868114545347, "k": -0.4080009133777784, "x": -0.010650363832511368, "y": 0.3663223180998285, "z": 1.2519245503200833}
{"w": 0.5758826555586523, "i": -0.581652453404392, "j": -0.40290462899938634, "k": -0.4095210011784909, "x": -0.010781869903213356, "y": 0.3663180847752543, "z": 1.253380451968435}
{"w": 0.5746032532297614, "i": -0.58032358813811, "j": -0.4047612737133512, "k": -0.41136838202544246, "x": -0.010804774746175302, "y": 0.36627839272486057, "z": 1.2543825977808067}
{"w": 0.5734243316837349, "i": -0.5792419841420064, "j": -0.4064117143633098, "k": -0.4129077113212707, "x": -0.010963456343026815, "y": 0.3662787395984084, "z": 1.2558534512882986}
{"w": 0.5721109795105555, "i": -0.5778835877835669, "j": -0.4082938989441095, "k": -0.4147718387003669, "x": -0.01099895477115724, "y": 0.3662413438423632, "z": 1.2568699181975487}
{"w": 0.5709168942699119, "i": -0.5767881929289476, "j": -0.40994555374897895, "k": -0.4163098885402571, "x": -0.01114980318488835, "y": 0.3662397375542803, "z": 1.2583600209232069}
{"w": 0.5695976673817617, "i": -0.5754253054245202, "j": -0.41180651432665055, "k": -0.41816218139435885, "x": -0.011157686687966604, "y": 0.3661973631641712, "z": 1.2593826175813636}
{"w": 0.5684167636162957, "i": -0.5743341753405016, "j": -0.413420756941099, "k": -0.4196735822114275, "x": -0.011245303059744027, "y": 0.3661832083073612, "z": 1.2608716484246212}
{"w": 0.5671071862617881, "i": -0.572971286795825, "j": -0.4152456546247574, "k": -0.42150253867922494, "x": -0.011196047687882776, "y": 0.36612956375679107, "z": 1.2618900456598279}
{"w": 0.5659282222867822, "i": -0.5718764565741244, "j": -0.4168348013173407, "k": -0.423002735270447, "x": -0.011225876661211326, "y": 0.36610405688166503, "z": 1.2633698062567775}
{"w": 0.5646164370655362, "i": -0.5705087750350589, "j": -0.4186354115502845, "k": -0.424820443010386, "x": -0.011155073175525353, "y": 0.3660463604946299, "z": 1.2643868166162082}
{"w": 0.5634228451223923, "i": -0.5693976127787735, "j": -0.4202261945196074, "k": -0.42632264963943994, "x": -0.01118623236427406, "y": 0.36602074698823794, "z": 1.26587930327729}
{"w": 0.5620875478079729, "i": -0.5680090977104115, "j": -0.4220322491729766, "k": -0.4281495465084875, "x": -0.011132972600007309, "y": 0.3659666300081714, "z": 1.2669066054204232}
{"w": 0.5608681025693019, "i": -0.5668775189476618, "j": -0.4236344665633835, "k": -0.4296634598981079, "x": -0.011201392805735863, "y": 0.36594823934944243, "z": 1.268402729906431}
{"w": 0.5595056107736734, "i": -0.565468995188686, "j": -0.4254463328253388, "k": -0.4315016858351169, "x": -0.011166510665282205, "y": 0.36589831534824924, "z": 1.2694243540088792}
{"w": 0.5582672790334, "i": -0.5643247414752418, "j": -0.42704731075048774, "k": -0.43301942877926664, "x": -0.01126802779193839, "y": 0.3658867701189885, "z": 1.2709016140993816}
{"w": 0.556892462754585, "i": -0.5629092392505798, "j": -0.4288455795866856, "k": -0.43485105744660135, "x": -0.011240836472965653, "y": 0.36583888278835364, "z": 1.271905283201877}
{"w": 0.5556324942834228, "i": -0.5617523009908242, "j": -0.4304452829081566, "k": -0.4363756891143389, "x": -0.01135534936610077, "y": 0.3658303149757943, "z": 1.273359333342494}
{"w": 0.554217080709177, "i": -0.560311699668602, "j": -0.4322611674005063, "k": -0.43822883271440805, "x": -0.011341079198860668, "y": 0.365785231994635, "z": 1.274358777502009}
{"w": 0.5529125453558258, "i": -0.5591181739158303, "j": -0.43389699685519867, "k": -0.4397817423509187, "x": -0.011479815989970108, "y": 0.36578077150541244, "z": 1.2758275858936972}
{"w": 0.5514472633017817, "i": -0.5576319903303015, "j": -0.43575757615176747, "k": -0.4416648208580567, "x": -0.011477782242255737, "y": 0.36573669441555007, "z": 1.2768415533652828}
{"w": 0.5501182158277764, "i": -0.5564117747408872, "j": -0.437410730712772, "k": -0.44322425272256916, "x": -0.011599964858200055, "y": 0.36572799657574206, "z": 1.2783297177812025}
{"w": 0.5486255959853773, "i": -0.5548979505044366, "j": -0.43928450364686594, "k": -0.4451149793158983, "x": -0.01158342414974987, "y": 0.3656812463426595, "z": 1.279349104377056}
{"w": 0.5472970916591834, "i": -0.5536671403058436, "j": -0.44092497624954, "k": -0.4466584338465941, "x": -0.011656330253533118, "y": 0.365662168772228, "z": 1.2808391975195852}
{"w": 0.5458042230572412, "i": -0.5521348573567033, "j": -0.44278974884981165, "k": -0.4485332626440272, "x": -0.011602576059522002, "y": 0.3656070911812105, "z": 1.2818541701308448}
{"w": 0.544482554465226, "i": -0.550895257769379, "j": -0.44441072421511196, "k": -0.4500580752001146, "x": -0.01162333401978692, "y": 0.36557764715712715, "z": 1.2833358327720636}
{"w": 0.5430003137551962, "i": -0.5493527308488046, "j": -0.4462564874202314, "k": -0.4519041754687345, "x": -0.011562648283726698, "y": 0.3655196971045106, "z": 1.284352020132852}
{"w": 0.5416668540736647, "i": -0.5480918236216575, "j": -0.4478824467644049, "k": -0.45342439938467793, "x": -0.011606601714106267, "y": 0.3654934820728248, "z": 1.285839559732679}
{"w": 0.5401713916232785, "i": -0.5465258347293447, "j": -0.4497307400174188, "k": -0.4552654622619084, "x": -0.01156620383815705, "y": 0.3654384435097539, "z": 1.2868650788992366}
{"w": 0.5388112985175347, "i": -0.5452311775573484, "j": -0.45137865295244683, "k": -0.456796080618158, "x": -0.011666941869631915, "y": 0.36542139801641194, "z": 1.2883559592118692}
{"w": 0.5372917896844159, "i": -0.543624941224486, "j": -0.45324841761221657, "k": -0.4586451002119331, "x": -0.011658040029216249, "y": 0.3653706742613581, "z": 1.2893774814188657}
{"w": 0.5359173717915872, "i": -0.5423050893005975, "j": -0.4549034428760317, "k": -0.4601745520888815, "x": -0.011788463100164605, "y": 0.36535823037731974, "z": 1.2908572517377024}
{"w": 0.5343780897447321, "i": -0.540669939150999, "j": -0.45677923208714216, "k": -0.46202684687484075, "x": -0.011788527309836127, "y": 0.3653083640265106, "z": 1.291868752364971}
{"w": 0.5329804084545811, "i": -0.5393280510870441, "j": -0.4584383601664401, "k": -0.4635638116183631, "x": -0.011916806464818165, "y": 0.3652954677797099, "z": 1.293345838983254}
{"w": 0.531403032689771, "i": -0.5376519509890677, "j": -0.4603400700636519, "k": -0.4654333640163287, "x": -0.011918699325520645, "y": 0.36524500661179915, "z": 1.2943679954424423}
{"w": 0.529964800526307, "i": -0.5362691228416089, "j": -0.4620314558842356, "k": -0.4669900125948065, "x": -0.01204952957886289, "y": 0.36523126240293546, "z": 1.295869441844264}
{"w": 0.528348108880669, "i": -0.5345551107641974, "j": -0.4639588343232729, "k": -0.46887238077273014, "x": -0.012048593461819204, "y": 0.36517962745683796, "z": 1.2969048655756508}
{"w": 0.5268875754444118, "i": -0.5331452857942124, "j": -0.46566109909883313, "k": -0.4704310022349555, "x": -0.012148865668733163, "y": 0.36515936510299857, "z": 1.2984165083806114}
{"w": 0.5252449487548077, "i": -0.531406862029198, "j": -0.46759224236075597, "k": -0.4723155573129911, "x": -0.012119910049538751, "y": 0.3651024451613738, "z": 1.2994510651490183}
{"w": 0.523774281894957, "i": -0.5299849967092158, "j": -0.46928214843908983, "k": -0.47386777696415217, "x": -0.01216735058239082, "y": 0.3650726694091023, "z": 1.3009551748498174}
{"w": 0.5221105734031849, "i": -0.528233460894702, "j": -0.4711988398709411, "k": -0.47575373171009694, "x": -0.012112502219237233, "y": 0.3650123253875921, "z": 1.3019821419999902}
{"w": 0.520628263463585, "i": -0.5268013151425338, "j": -0.4728745834473735, "k": -0.47730096791905036, "x": -0.01215761611887514, "y": 0.364982464331059, "z": 1.303479195853677}
{"w": 0.5189518852638795, "i": -0.5250368921192621, "j": -0.47477668701015574, "k": -0.4791787768322731, "x": -0.012114969475701239, "y": 0.3649241602745609, "z": 1.3045054515722028}
{"w": 0.5174487863085048, "i": -0.5235868580707788, "j": -0.4764509435297299, "k": -0.4807265896672004, "x": -0.012205775078291164, "y": 0.3649019489649975, "z": 1.306000775861382}
{"w": 0.5157420833844995, "i": -0.5218044252756582, "j": -0.4783477751083126, "k": -0.4826112837863245, "x": -0.01219952511216876, "y": 0.3648509648835815, "z": 1.3070239040029226}
{"w": 0.5142119530142595, "i": -0.5203394935855695, "j": -0.48001746506058274, "k": -0.4841653767352506, "x": -0.012335804837469669, "y": 0.3648379025110494, "z": 1.308506586683735}
{"w": 0.5124953350320467, "i": -0.5185500795427767, "j": -0.4818932041835952, "k": -0.48603835891649394, "x": -0.012332112878696865, "y": 0.3647881373434759, "z": 1.30951540068896}
{"w": 0.5109557978190834, "i": -0.5170726367630175, "j": -0.48355198789445863, "k": -0.48758336311785977, "x": -0.012464905853298654, "y": 0.3647742780776916, "z": 1.3109805973137807}
{"w": 0.5092091239276296, "i": -0.5152647069837006, "j": -0.48542175723519565, "k": -0.4894630399208429, "x": -0.012448400318807855, "y": 0.3647232779709335, "z": 1.3119889882526172}
{"w": 0.5076366200593856, "i": -0.5137634179846626, "j": -0.4870849743784499, "k": -0.4910197959860128, "x": -0.012558493429806444, "y": 0.3647059168417097, "z": 1.313465590464223}
{"w": 0.5058533288367668, "i": -0.5119199404426442, "j": -0.4889703825350917, "k": -0.4929080535814449, "x": -0.012535298546122477, "y": 0.36465332402041034, "z": 1.3144844676836274}
{"w": 0.5042578878006729, "i": -0.5103902507215121, "j": -0.4906423113099995, "k": -0.49446526360465226, "x": -0.012612914334121131, "y": 0.3646294586483646, "z": 1.3159727551421627}
{"w": 0.5024364635086577, "i": -0.50851195416251, "j": -0.4925410383227719, "k": -0.49636329253749734, "x": -0.012562528969985148, "y": 0.36457232304179543, "z": 1.316992729437193}
{"w": 0.5008205740626683, "i": -0.5069594668235392, "j": -0.4942123976608605, "k": -0.4979206338281601, "x": -0.012596438652975456, "y": 0.3645408700090432, "z": 1.3184781264734298}
{"w": -0.4989693524505532, "i": 0.5050519350909759, "j": 0.49611504037024157, "k": 0.49982196319726796, "x": -0.012529371818800077, "y": 0.3644808867755382, "z": 1.3194907138265586}
{"w": -0.497333506025352, "i": 0.5034848295160422, "j": 0.497778684887254, "k": 0.5013768952630846, "x": -0.012567333407594783, "y": 0.36445042258137983, "z": 1.3209668316633167}
{"w": -0.4954603432956956, "i": 0.5015606784271954, "j": 0.499670613643146, "k": 0.5032744896559387, "x": -0.01251879578192509, "y": 0.36439415633672734, "z": 1.3219767883868727}
{"w": -0.4937915691868376, "i": 0.49996193077373086, "j": 0.5013450830568627, "k": 0.5048376587297266, "x": -0.012611574453650905, "y": 0.3643725001998101, "z": 1.3234521507928045}
{"w": -0.49188909339918485, "i": 0.49800707261493704, "j": 0.5032390523643522, "k": 0.5067391159125758, "x": -0.012596081347419689, "y": 0.3643213522271689, "z": 1.324462229526743}
{"w": -0.4901941583237294, "i": 0.4963872510581559, "j": 0.504910885902699, "k": 0.508305401731253, "x": -0.012730662946651912, "y": 0.36430676284971175, "z": 1.3259309503657701}
{"w": -0.4882770298789845, "i": 0.4944228522398589, "j": 0.50678302170575, "k": 0.5101985438888964, "x": -0.01271725638105536, "y": 0.36425651359904554, "z": 1.3269378649023182}
{"w": -0.48656639898348003, "i": 0.4927861856650935, "j": 0.508444660210625, "k": 0.5117606296904832, "x": -0.01283640006326626, "y": 0.36423894962455977, "z": 1.3284065817189483}
{"w": -0.48462871321521617, "i": 0.49080305234714605, "j": 0.5103035555285149, "k": 0.5136512974275884, "x": -0.012783338960195338, "y": 0.36418258190570996, "z": 1.3294155777191206}
{"w": -0.48290225323114466, "i": 0.4891498005525535, "j": 0.5119550183574355, "k": 0.5152086428063094, "x": -0.01285448863726886, "y": 0.36415672885152167, "z": 1.3308966173419774}
{"w": -0.48094707069406684, "i": 0.48714812965613835, "j": 0.5138036179306231, "k": 0.5170903762058671, "x": -0.012768264935620912, "y": 0.3640939861802158, "z": 1.331916257390772}
{"w": -0.47920248963413176, "i": 0.4854805620255847, "j": 0.5154440476317653, "k": 0.5186434532361857, "x": -0.012783986816107762, "y": 0.3640589851751868, "z": 1.3334074130767515}
{"w": -0.47719333875395764, "i": 0.48343507157858395, "j": 0.5173106215433088, "k": 0.5205446857428633, "x": -0.012690870783726802, "y": 0.3639951566470428, "z": 1.334430036697647}
{"w": -0.47540694692915797, "i": 0.4817210307342498, "j": 0.5189733223459249, "k": 0.5221108829100025, "x": -0.012704022345774512, "y": 0.36395854672685557, "z": 1.335922974001595}
{"w": -0.4733497057828363, "i": 0.47962764529252777, "j": 0.5208596567870609, "k": 0.5240253770936225, "x": -0.012613422658893925, "y": 0.36389449899955745, "z": 1.3369418867418683}
{"w": -0.4715203628624717, "i": 0.47787348492005016, "j": 0.5225387079455268, "k": 0.5256032520019543, "x": -0.01266893077650971, "y": 0.3638640492067593, "z": 1.338425819603982}
{"w": -0.46941314065717693, "i": 0.47573614085890453, "j": 0.5244393024451443, "k": 0.5275318433136462, "x": -0.012614677089635309, "y": 0.36380594061164917, "z": 1.3394375670015481}
{"w": -0.46753927405582174, "i": 0.4739328878290968, "j": 0.5261404682644929, "k": 0.5291227198899598, "x": -0.01273289772681941, "y": 0.363784648358215, "z": 1.3409131516035742}
{"w": -0.46539366470109766, "i": 0.4717449459116658, "j": 0.5280575057540607, "k": 0.5310562244053664, "x": -0.012722776919010324, "y": 0.3637324636754433, "z": 1.3419241410932246}
{"w": -0.4635054515705995, "i": 0.46991828420092985, "j": 0.5297523390771085, "k": 0.5326368010007588, "x": -0.012858619772884826, "y": 0.36371306034432416, "z": 1.3433970703895448}
{"w": -0.4613617233741592, "i": 0.46770874454072425, "j": 0.5316544710531603, "k": 0.5345441178186795, "x": -0.012839817137889304, "y": 0.3636582391952301, "z": 1.3444059724260407}
{"w": -0.45946326015135336, "i": 0.4658512369714422, "j": 0.5333474108108647, "k": 0.5361125599765543, "x": -0.012945351645671288, "y": 0.3636325731983321, "z": 1.3458847202333104}
{"w": -0.45729397745425543, "i": 0.46359645411656264, "j": 0.535255668328561, "k": 0.5380166497765311, "x": -0.012892619024920093, "y": 0.36357170434318326, "z": 1.3469011379099793}
{"w": -0.4553822108408775, "i": 0.46171095918198485, "j": 0.5369432767620542, "k": 0.5395757127233904, "x": -0.012942122215787829, "y": 0.3635365711594237, "z": 1.3483876317058783}
{"w": -0.45320285192144966, "i": 0.4594176628667808, "j": 0.5388521215447377, "k": 0.5414618889294295, "x": -0.012858529816631707, "y": 0.3634691431964484, "z": 1.349407992044781}
{"w": -0.4512644973523715, "i": 0.4574918012699189, "j": 0.5405486366449049, "k": 0.543018210211639, "x": -0.012897128110853386, "y": 0.3634311750267765, "z": 1.3508971985835696}
{"w": -0.44904224678475346, "i": 0.4551441401332016, "j": 0.5424747666149446, "k": 0.544909166642452, "x": -0.012816476543328296, "y": 0.3633635192186052, "z": 1.3519153885267077}
{"w": -0.44706144982079443, "i": 0.45317360031907217, "j": 0.5441845971428763, "k": 0.5464731212881611, "x": -0.012874102050184773, "y": 0.3633282258128761, "z": 1.3533959653827135}
{"w": -0.44477933092868094, "i": 0.4507680447372645, "j": 0.5461332387062905, "k": 0.5483776091367676, "x": -0.012846544163151239, "y": 0.3632678853271431, "z": 1.354405650488756}
{"w": -0.4427554010686086, "i": 0.4487557877443899, "j": 0.5478530614001998, "k": 0.5499481074655288, "x": -0.012947324947381992, "y": 0.3632383424552547, "z": 1.3558718468367958}
{"w": -0.44041928036609407, "i": 0.4463045398927482, "j": 0.5498091164064541, "k": 0.551863253595752, "x": -0.012938435942716375, "y": 0.3631809888681587, "z": 1.3568734722409934}
{"w": -0.4383472634467153, "i": 0.4442478495840347, "j": 0.5515389414686955, "k": 0.5534440539136076, "x": -0.013067600477952135, "y": 0.3631554185799518, "z": 1.3583386347116901}
{"w": -0.43596091514691043, "i": 0.4417625064532496, "j": 0.5534896125068163, "k": 0.5553676414803673, "x": -0.013067215666966002, "y": 0.3631000170927138, "z": 1.359346849499935}
{"w": -0.4338535577515092, "i": 0.4396806595403816, "j": 0.5552095020360907, "k": 0.5569510004491687, "x": -0.013174976820784426, "y": 0.36307095811444534, "z": 1.3608230485608686}
{"w": -0.43143716279319644, "i": 0.43717329814737915, "j": 0.5571393787883212, "k": 0.5588713577839393, "x": -0.013130198138159861, "y": 0.3630093471902684, "z": 1.361837953218687}
{"w": -0.4293173597631529, "i": 0.43507646001744305, "j": 0.558838029794961, "k": 0.5604419104595704, "x": -0.013183163952011766, "y": 0.3629720706391145, "z": 1.363324999308465}
{"w": -0.4268809491653893, "i": 0.4325505056652927, "j": 0.5607440799447039, "k": 0.5623511288290652, "x": -0.013100809951272026, "y": 0.36290518039049613, "z": 1.3643485475316501}
{"w": -0.4247186748502471, "i": 0.4304186033914681, "j": 0.5624399123597777, "k": 0.5639283802689079, "x": -0.013145188491070199, "y": 0.3628663738159106, "z": 1.3658441301062687}
{"w": -0.4222177982369768, "i": 0.4278410271080133, "j": 0.5643514897296168, "k": 0.5658547361426277, "x": -0.013062985405163376, "y": 0.3627996126205612, "z": 1.3668716154382088}
{"w": -0.41999723081284696, "i": 0.4256555208670936, "j": 0.5660615365367968, "k": 0.5674451872370623, "x": -0.013150952666132264, "y": 0.36276653678252835, "z": 1.3683649711383115}
{"w": -0.41743288071046497, "i": 0.4230246210752053, "j": 0.5679825979349988, "k": 0.5693818828422206, "x": -0.013093864423473186, "y": 0.3627041041909307, "z": 1.3693816468689604}
{"w": -0.4151619535139687, "i": 0.42080027786465224, "j": 0.569694390127842, "k": 0.5709780909635359, "x": -0.013227737022447686, "y": 0.3626780867497187, "z": 1.370847739785702}
{"w": -0.41254360840572396, "i": 0.41813265553346657, "j": 0.5716115966180261, "k": 0.5729162557930328, "x": -0.013193240215877977, "y": 0.3626202965612866, "z": 1.3718428024694245}
{"w": -0.41024312698355564, "i": 0.4158891320970411, "j": 0.5733087335826755, "k": 0.5745031788982145, "x": -0.013332020974631568, "y": 0.36259584884886664, "z": 1.373283784018327}
{"w": -0.40761579575916734, "i": 0.4132118267895186, "j": 0.5752011399889746, "k": 0.5764104421367422, "x": -0.0132988559849425, "y": 0.3625390574637365, "z": 1.3742640031844895}
{"w": -0.4053232530670215, "i": 0.4109702192110907, "j": 0.5768657047473397, "k": 0.5779640976142992, "x": -0.013409435222414258, "y": 0.3625110557451062, "z": 1.3756795979811742}
{"w": -0.40270993348012496, "i": 0.4083159664902316, "j": 0.5787062082880282, "k": 0.5798292037095713, "x": -0.013335663012337767, "y": 0.3624506194540932, "z": 1.3766370946068147}
{"w": -0.4004537254720859, "i": 0.4061077984035192, "j": 0.580312746806735, "k": 0.5813350030103098, "x": -0.013385366150141397, "y": 0.3624153294746708, "z": 1.378016870822262}
{"w": -0.3978838972115751, "i": 0.4034907192360487, "j": 0.5820913827799925, "k": 0.583140862848233, "x": -0.013279282338898697, "y": 0.3623513648089736, "z": 1.378949819375561}
{"w": -0.3956644674343807, "i": 0.4013142853032341, "j": 0.5836440228157115, "k": 0.584599117560843, "x": -0.013301091510902172, "y": 0.3623129631701748, "z": 1.3802917449814092}
{"w": -0.3931259413202721, "i": 0.3987347432724255, "j": 0.5853645938662394, "k": 0.5863538957117419, "x": -0.013182825737933303, "y": 0.3622488051834597, "z": 1.3811991992650088}
{"w": -0.3909342701449592, "i": 0.3965869108962517, "j": 0.5868694960340765, "k": 0.5877698641106961, "x": -0.013211822379577146, "y": 0.3622117932361256, "z": 1.3824984241561002}
{"w": -0.3884160498853623, "i": 0.39403366069288265, "j": 0.588544770358937, "k": 0.5894790070185408, "x": -0.013115802250939746, "y": 0.3621515216334821, "z": 1.383372673143802}
{"w": -0.386240097361956, "i": 0.3918997246017147, "j": 0.5900139540285008, "k": 0.590861004889121, "x": -0.013147437650595279, "y": 0.36211569577617597, "z": 1.3846252081341892}
{"w": -0.3837302560691849, "i": 0.3893613581664085, "j": 0.5916534208001482, "k": 0.5925327442423506, "x": -0.01304853819184035, "y": 0.3620564757013524, "z": 1.3854727176608872}
{"w": -0.38157000038131295, "i": 0.3872391734766127, "j": 0.5930908155388849, "k": 0.5938799894402705, "x": -0.013077003016619697, "y": 0.3620206051469488, "z": 1.3866917985012355}
{"w": -0.37907410197065305, "i": 0.38470418894618214, "j": 0.5947037787102396, "k": 0.5955106445817454, "x": -0.012981806531579982, "y": 0.3619616868438761, "z": 1.3875178938463106}
{"w": -0.376936040324309, "i": 0.3825915642931201, "j": 0.5961099596426693, "k": 0.5968214410116229, "x": -0.012974689760501758, "y": 0.36192105399617874, "z": 1.3887130838407704}
{"w": -0.374477969206827, "i": 0.3800690100816495, "j": 0.597686945096795, "k": 0.5984012983067026, "x": -0.012859472727463642, "y": 0.3618594958656632, "z": 1.389522417445526}
{"w": -0.3723851238747097, "i": 0.37798338846327095, "j": 0.5990493966069325, "k": 0.5996646546091507, "x": -0.012831882655215761, "y": 0.36181631275113335, "z": 1.3906879971269908}
{"w": -0.3699921179257716, "i": 0.37551199516377365, "j": 0.6005640476095429, "k": 0.6011816687822137, "x": -0.012701546913157793, "y": 0.36175339149985053, "z": 1.391474049880621}
{"w": -0.36794221194157944, "i": 0.37345368771138676, "j": 0.601882750010579, "k": 0.6024018816753541, "x": -0.012664207793563859, "y": 0.36170921342942286, "z": 1.3926069186508814}
{"w": -0.36559162127710826, "i": 0.3710005298114341, "j": 0.6033578392122314, "k": 0.6038714194203586, "x": -0.012543324394596914, "y": 0.36164732069115413, "z": 1.3933739543896149}
{"w": -0.3635644047887454, "i": 0.3689549936278044, "j": 0.6046451542426164, "k": 0.6050598100176837, "x": -0.01253099913031255, "y": 0.3616063427775733, "z": 1.394476458370249}
{"w": -0.36124526758826364, "i": 0.3665216141736353, "j": 0.6060826667902147, "k": 0.6064878927110574, "x": -0.01243557401546028, "y": 0.361548300691757, "z": 1.3952224290778885}
{"w": -0.3592334070347583, "i": 0.36448284378026735, "j": 0.6073444930427956, "k": 0.6076481569384039, "x": -0.012457605872868321, "y": 0.3615119032803084, "z": 1.3962966952701479}
{"w": -0.35691979644897665, "i": 0.36205271475477385, "j": 0.6087577995060901, "k": 0.6090484645592855, "x": -0.012378431202393275, "y": 0.36145662648415455, "z": 1.3970273510585411}
{"w": -0.35491032183329535, "i": 0.360005246474642, "j": 0.6100052831959029, "k": 0.6101872175324602, "x": -0.012415542657747757, "y": 0.36142158691020204, "z": 1.3980822336643388}
{"w": -0.35259674069784847, "i": 0.3575771687937778, "j": 0.6113963927557028, "k": 0.6115623907108704, "x": -0.012329640084351143, "y": 0.3613664779713005, "z": 1.3987983172045537}
{"w": -0.35058641373179816, "i": 0.3555354615583383, "j": 0.6126206628621439, "k": 0.6126823202243752, "x": -0.012341654937947224, "y": 0.36132962113102907, "z": 1.3998340531636693}
{"w": -0.3482621542397445, "i": 0.3530986128675855, "j": 0.613996107323897, "k": 0.6140387786666098, "x": -0.012244760846167775, "y": 0.36127378051980163, "z": 1.4005381677270963}
{"w": -0.346257323712432, "i": 0.3510676161736895, "j": 0.6151929824363621, "k": 0.6151381869228099, "x": -0.012209620242018703, "y": 0.36123211072011985, "z": 1.401556164454107}
{"w": -0.34393281275376186, "i": 0.34865222733493606, "j": 0.6165328939250226, "k": 0.6164730613693606, "x": -0.012092584114105381, "y": 0.3611757178127058, "z": 1.4022457722038173}
{"w": -0.3419280566824706, "i": 0.34663805308757667, "j": 0.6176996753869551, "k": 0.6175551596674215, "x": -0.012057720191692644, "y": 0.3611351650033363, "z": 1.403242238902562}
{"w": -0.3396130523927016, "i": 0.3442460538584909, "j": 0.6190029355962082, "k": 0.6188642781504248, "x": -0.011940612282305672, "y": 0.361079837711219, "z": 1.4039171977247753}
{"w": -0.3376181135857054, "i": 0.3422469478978134, "j": 0.6201405406484828, "k": 0.6199247905009682, "x": -0.011919438112057644, "y": 0.36104156580508184, "z": 1.404890179520945}
{"w": -0.3353129009443857, "i": 0.339886380038846, "j": 0.6214037139911789, "k": 0.6212084443746072, "x": -0.011813131499535823, "y": 0.3609892655304665, "z": 1.4055490981705916}
{"w": -0.33331249089317344, "i": 0.33789242054475266, "j": 0.6225199521869564, "k": 0.6222542926184971, "x": -0.01184197484025764, "y": 0.3609573330367509, "z": 1.4064994403195274}
{"w": -0.33099422227855546, "i": 0.3355386180242751, "j": 0.6237593923499777, "k": 0.6235229595514195, "x": -0.011758149749702844, "y": 0.36090893553765724, "z": 1.4071490803766242}
{"w": -0.32897322032897536, "i": 0.3335353232011749, "j": 0.6248631490672194, "k": 0.6245613287910721, "x": -0.011801124205954071, "y": 0.36087918742803243, "z": 1.4080884407452965}
{"w": -0.3266495446651475, "i": 0.33116977068466064, "j": 0.6260889935084224, "k": 0.6258108581371309, "x": -0.011720019754527774, "y": 0.3608316611202391, "z": 1.4087266378783942}
{"w": -0.3246386138588595, "i": 0.3291716007521877, "j": 0.6271711641272255, "k": 0.6268270563220307, "x": -0.011738788189071222, "y": 0.3607996069596425, "z": 1.4096484941261738}
{"w": -0.3223153694864066, "i": 0.32681130128602104, "j": 0.6283746323778409, "k": 0.6280545337218677, "x": -0.01162537390796794, "y": 0.3607497068708986, "z": 1.4102722486485513}
{"w": -0.3203148819583189, "i": 0.3248220165876636, "j": 0.629433233677549, "k": 0.629049154103379, "x": -0.01158508656610592, "y": 0.3607120504440977, "z": 1.4111739385890953}
{"w": -0.31799027034776545, "i": 0.3224579428129256, "j": 0.6306197229709813, "k": 0.6302553673559746, "x": -0.011448477350559596, "y": 0.360660263770602, "z": 1.4117842236199942}
{"w": -0.3159945231431636, "i": 0.32047249966202873, "j": 0.6316584064659915, "k": 0.631230937014925, "x": -0.01138189089661332, "y": 0.36062030955371993, "z": 1.412665839179233}
{"w": -0.3136646178434593, "i": 0.3180939491345122, "j": 0.6328344355644536, "k": 0.632417049264919, "x": -0.011271634697011555, "y": 0.36057126832650466, "z": 1.4132641367112753}
{"w": -0.3116656973439355, "i": 0.3161017547951296, "j": 0.6338599641701246, "k": 0.6333764437811114, "x": -0.011243428137265553, "y": 0.3605353852521822, "z": 1.4141256602775507}
{"w": -0.3093352869558459, "i": 0.31373797631777206, "j": 0.6350082153286295, "k": 0.6345429291427989, "x": -0.011151249517443807, "y": 0.36048948380311985, "z": 1.4147068117298973}
{"w": -0.3073434588293065, "i": 0.311755576631383, "j": 0.6360107133210547, "k": 0.635483147923622, "x": -0.011173927728184865, "y": 0.3604592521177078, "z": 1.4155417738151947}
{"w": -0.30503415083087426, "i": 0.3094198974532084, "j": 0.6371241915051233, "k": 0.6366209692476967, "x": -0.01110388260765257, "y": 0.36041657473091493, "z": 1.4161063404721062}
{"w": -0.3030513491970209, "i": 0.3074458706515821, "j": 0.6381054027449093, "k": 0.6375409095555467, "x": -0.011175084697130098, "y": 0.36039112817594754, "z": 1.4169248560031558}
{"w": -0.3007690770024103, "i": 0.30513315350302, "j": 0.6391879258475365, "k": 0.638647411646791, "x": -0.011110440243422663, "y": 0.36034933360164234, "z": 1.4174821650003862}
{"w": -0.29879191313327286, "i": 0.30316765195642026, "j": 0.6401479659025543, "k": 0.6395493328932588, "x": -0.011181269076200876, "y": 0.360324101817848, "z": 1.4182876709638934}
{"w": -0.2965196090128302, "i": 0.3008727040302247, "j": 0.6412032198836982, "k": 0.6406326312725552, "x": -0.011108014388017274, "y": 0.3602821380875078, "z": 1.4188359984745047}
{"w": -0.2945741047016607, "i": 0.2989399437892864, "j": 0.6421288613575316, "k": 0.6415072347668059, "x": -0.011104027354858085, "y": 0.36025009424269916, "z": 1.4196257622460104}
{"w": -0.2923337106131702, "i": 0.296676024047623, "j": 0.643150085138577, "k": 0.642559185118905, "x": -0.01097065800609511, "y": 0.36020304704567097, "z": 1.4201606457587292}
{"w": -0.29041819010851594, "i": 0.29476695023791116, "j": 0.6440467011913812, "k": 0.6434077762865748, "x": -0.01089174465693904, "y": 0.360164382023423, "z": 1.4209303592842737}
{"w": -0.28819040866405177, "i": 0.29250426519446876, "j": 0.6450497315312546, "k": 0.6444364879866346, "x": -0.010725761019196206, "y": 0.360114414825768, "z": 1.4214519440406643}
{"w": -0.28628112624769697, "i": 0.2906009906199599, "j": 0.6459285886320648, "k": 0.6452677269109601, "x": -0.010630878137412274, "y": 0.36007470452043255, "z": 1.4222059271419114}
{"w": -0.2840497508213119, "i": 0.2883330217611492, "j": 0.6469192125190709, "k": 0.6462780671616059, "x": -0.010495858313674554, "y": 0.3600280971843607, "z": 1.4227163570696515}
{"w": -0.2821286583795562, "i": 0.2864075392867984, "j": 0.6477951185369589, "k": 0.6470978488299284, "x": -0.010457808218687857, "y": 0.3599936140535498, "z": 1.423452329734742}
{"w": -0.27988403185293625, "i": 0.2841170090412573, "j": 0.6487812043183329, "k": 0.6480936682382022, "x": -0.01037065417836851, "y": 0.3599517431367644, "z": 1.4239494874982261}
{"w": -0.27795926607198074, "i": 0.2821805425464416, "j": 0.6496479052459767, "k": 0.6488993658668782, "x": -0.010396595607879736, "y": 0.35992323656337477, "z": 1.424664213482181}
{"w": -0.2757333112838441, "i": 0.2798977415578822, "j": 0.6506138897264154, "k": 0.6498691882327612, "x": -0.0103499896508281, "y": 0.35988548076183746, "z": 1.425146435929585}
{"w": -0.2738250410390413, "i": 0.2779691824617642, "j": 0.6514615665356642, "k": 0.6506541384087284, "x": -0.010412356003143802, "y": 0.35986034953168766, "z": 1.4258414928846785}
{"w": -0.2716282552957148, "i": 0.27569580033874697, "j": 0.6524058523516603, "k": 0.6515953655589395, "x": -0.010380555012401012, "y": 0.3598239264411368, "z": 1.4263143983498856}
{"w": -0.2697328466666777, "i": 0.2737674670059384, "j": 0.6532380793629886, "k": 0.6523615386489288, "x": -0.010450276184163804, "y": 0.35979926842793464, "z": 1.4270018496531858}
{"w": -0.26755388663552704, "i": 0.2715036298415494, "j": 0.6541607880678254, "k": 0.6532796951410389, "x": -0.010411534879860336, "y": 0.3597626479867991, "z": 1.42746847698013}
{"w": -0.265683740281641, "i": 0.2695948092805785, "j": 0.6549685286006244, "k": 0.6540237117273805, "x": -0.010440936567643872, "y": 0.35973479924142554, "z": 1.4281413997127417}
{"w": -0.26354683559863634, "i": 0.2673598498550954, "j": 0.6558608688082576, "k": 0.6549109076030758, "x": -0.010344836814010088, "y": 0.35969376774099193, "z": 1.42859684728095}
{"w": -0.26173016760655765, "i": 0.26548995627598015, "j": 0.6566354177954419, "k": 0.6556236196003219, "x": -0.010300044290516815, "y": 0.35965996125891453, "z": 1.4292494452029265}
{"w": -0.25962971356403236, "i": 0.2632903584875362, "j": 0.6574959896225684, "k": 0.6564827664092967, "x": -0.010156861947649535, "y": 0.35961608282084545, "z": 1.429690216410256}
{"w": -0.2578388590273359, "i": 0.2614447492390563, "j": 0.6582458211861221, "k": 0.657174409697926, "x": -0.01007232018591047, "y": 0.35957954301510553, "z": 1.430324020116287}
{"w": -0.2557526544543395, "i": 0.25926013895056255, "j": 0.6590861129821263, "k": 0.6580123522890787, "x": -0.009943301359759503, "y": 0.3595374311970334, "z": 1.430754698109816}
{"w": -0.2539493627449938, "i": 0.2574105418476318, "j": 0.6598258320383011, "k": 0.6586952295880731, "x": -0.009900166898376615, "y": 0.3595047918403277, "z": 1.4313774948615823}
{"w": -0.25184350027883207, "i": 0.25521206103366256, "j": 0.6606591253507463, "k": 0.6595234456492381, "x": -0.009813774340864966, "y": 0.35946658980825424, "z": 1.431800178828967}
{"w": -0.25000775446543294, "i": 0.25334692298102546, "j": 0.6613939488962264, "k": 0.6602041378896794, "x": -0.009830625975684558, "y": 0.3594395200138116, "z": 1.4324073539718036}
{"w": -0.24786053752365114, "i": 0.25113244118945616, "j": 0.662220484668129, "k": 0.6610307713008675, "x": -0.009783016752223265, "y": 0.35940584746362414, "z": 1.4328158799686797}
{"w": -0.2460104892509092, "i": 0.24926514602652977, "j": 0.6629437825500565, "k": 0.6617033076335079, "x": -0.009838261021093158, "y": 0.35938255419740794, "z": 1.4334016987675107}
{"w": -0.24386005658925022, "i": 0.24707571279134902, "j": 0.6637462591584752, "k": 0.6625154854054849, "x": -0.009783488272319434, "y": 0.359349661162375, "z": 1.433797183624379}
{"w": -0.24201809944252667, "i": 0.24522762314378707, "j": 0.6644485784435503, "k": 0.663173234527617, "x": -0.00982890227032877, "y": 0.3593261163671552, "z": 1.434368244191741}
{"w": -0.2398806239541143, "i": 0.24306731219520397, "j": 0.6652255500893306, "k": 0.6639657638025714, "x": -0.009778789406569842, "y": 0.35929425346088606, "z": 1.4347561549457348}
{"w": -0.23804900225097142, "i": 0.2412365845897206, "j": 0.6659077750027858, "k": 0.6646084696824467, "x": -0.009805552105269188, "y": 0.359269715648502, "z": 1.4353203315564553}
{"w": -0.23593708085749465, "i": 0.23910923815535814, "j": 0.6666571899961167, "k": 0.665378581810153, "x": -0.009723426838023082, "y": 0.3592361249797674, "z": 1.4357040874669147}
{"w": -0.23414011483026684, "i": 0.23731580522041998, "j": 0.6673119114762252, "k": 0.6659988198351408, "x": -0.009706896810653922, "y": 0.35920861727012243, "z": 1.4362570274269122}
{"w": -0.23206807414253308, "i": 0.23523159040366376, "j": 0.668030514161131, "k": 0.6667426339972227, "x": -0.009581116423605138, "y": 0.3591726755667276, "z": 1.4366304893476134}
{"w": -0.23031625583490445, "i": 0.2334776460553778, "j": 0.6686571548036494, "k": 0.6673381604707765, "x": -0.009508697522294794, "y": 0.35914165828542854, "z": 1.4371649917720033}
{"w": -0.22828840649924467, "i": 0.2314250735224681, "j": 0.6693501059815008, "k": 0.6680548438756434, "x": -0.00935338452025375, "y": 0.3591040580729614, "z": 1.4375253103850822}
{"w": -0.22656983137838566, "i": 0.22970303879845574, "j": 0.6699525027041021, "k": 0.6686301440979424, "x": -0.009239178976572388, "y": 0.35907077317718494, "z": 1.4380414316426293}
{"w": -0.22456405327516904, "i": 0.22766077953186148, "j": 0.6706291071418401, "k": 0.6693266437948749, "x": -0.00909189926262767, "y": 0.3590341759346223, "z": 1.4383912554970124}
{"w": -0.22285016945645914, "i": 0.2259316111977813, "j": 0.6712235457832574, "k": 0.669889289824038, "x": -0.009022496277152178, "y": 0.3590040102073505, "z": 1.4388966732155635}
{"w": -0.2208441868660041, "i": 0.22389018151804885, "j": 0.6718885504247759, "k": 0.6705720002769295, "x": -0.008912794298950288, "y": 0.35897071074999065, "z": 1.4392405568176723}
{"w": -0.21911873590449102, "i": 0.22214614787780332, "j": 0.6724784884900638, "k": 0.671126479195085, "x": -0.008906912317233171, "y": 0.35894518077347803, "z": 1.43973528345074}
{"w": -0.21710849820047706, "i": 0.2200895258834057, "j": 0.6731375304260925, "k": 0.671796372227041, "x": -0.008836851485651089, "y": 0.35891478935334564, "z": 1.4400692030538749}
{"w": -0.21537778902244137, "i": 0.21834850977693906, "j": 0.6737161768463324, "k": 0.6723413190705719, "x": -0.00885945466544533, "y": 0.35889185594571915, "z": 1.4405475239133299}
{"w": -0.21336336002075132, "i": 0.21629287163001834, "j": 0.6743640448597302, "k": 0.6729982208617792, "x": -0.0088085512523302, "y": 0.3588633078406573, "z": 1.440869998024817}
{"w": -0.2116335738296338, "i": 0.21454875050344813, "j": 0.6749332326046366, "k": 0.673531881659185, "x": -0.008830683707551357, "y": 0.3588405058342384, "z": 1.4413330772896444}
{"w": -0.2096152817834608, "i": 0.2124939231110341, "j": 0.6755692926055382, "k": 0.6741764584826256, "x": -0.008772065241725874, "y": 0.358811837529583, "z": 1.4416457823548028}
{"w": -0.20788664635558599, "i": 0.21075465264248353, "j": 0.6761259355644076, "k": 0.6746994426511178, "x": -0.008776163654395108, "y": 0.3587881640382883, "z": 1.4420988659537515}
{"w": -0.20587084208188844, "i": 0.20870648226909708, "j": 0.6767475222386085, "k": 0.6753307277055131, "x": -0.008701217623928373, "y": 0.3587589753657138, "z": 1.442407412374976}
{"w": -0.2041598271065677, "i": 0.20698007234019855, "j": 0.6772886137674321, "k": 0.6758388478852435, "x": -0.00867643545259045, "y": 0.35873332451581796, "z": 1.4428541654520417}
{"w": -0.20217722187163042, "i": 0.2049648012182765, "j": 0.6778870550704277, "k": 0.6764487724770927, "x": -0.00857621870858789, "y": 0.35870275517057326, "z": 1.4431564700849673}
{"w": -0.2005044971308025, "i": 0.2032836114056797, "j": 0.6784021295298633, "k": 0.676937420012763, "x": -0.00850289321994609, "y": 0.3586746722837077, "z": 1.4435899894979123}
{"w": -0.19857992380237163, "i": 0.20132972775398303, "j": 0.6789687079547149, "k": 0.6775203673716805, "x": -0.00835805104208571, "y": 0.3586420096896813, "z": 1.4438811860321712}
{"w": -0.19695590055327375, "i": 0.1996961090328791, "j": 0.6794578501914991, "k": 0.6779873649910627, "x": -0.008241620480295897, "y": 0.358611875158858, "z": 1.4442975718380773}
{"w": -0.19505682409471808, "i": 0.1977758463824011, "j": 0.6800029964619551, "k": 0.6785524849004461, "x": -0.008088130374056599, "y": 0.35857961455052095, "z": 1.444577530153735}
{"w": -0.1934549343884691, "i": 0.19616402062647867, "j": 0.680475850577942, "k": 0.6790047732914948, "x": -0.00797805192353048, "y": 0.35855040216483014, "z": 1.4449795782070858}
{"w": -0.1915772429588984, "i": 0.19426569112472414, "j": 0.6810045470242121, "k": 0.6795526529743292, "x": -0.007845469343462374, "y": 0.3585200736889808, "z": 1.4452513694070248}
{"w": -0.1899728044769441, "i": 0.1926598540403403, "j": 0.6814673858949445, "k": 0.6799961148137764, "x": -0.007788644718422944, "y": 0.3584945453884053, "z": 1.4456439725793022}
{"w": -0.18809607343840495, "i": 0.19076748755771042, "j": 0.681985248557391, "k": 0.6805319636858267, "x": -0.007708518387620716, "y": 0.35846781097179553, "z": 1.4459104070453037}
{"w": -0.18648087013548106, "i": 0.18914746446826625, "j": 0.6824443904430355, "k": 0.6809682633659032, "x": -0.00772682825291126, "y": 0.35844688268072017, "z": 1.4462931571618112}
{"w": -0.18461758946104667, "i": 0.18726503359611393, "j": 0.6829498593432481, "k": 0.6814892827307536, "x": -0.007666992075676927, "y": 0.35842183515903286, "z": 1.4465510512915196}
{"w": -0.18301035907219332, "i": 0.1856489252288232, "j": 0.6833991045816795, "k": 0.681914473296035, "x": -0.007708819573841516, "y": 0.35840254932720095, "z": 1.4469202459582677}
{"w": -0.1811524199281288, "i": 0.183764205641441, "j": 0.6838958371633238, "k": 0.6824228904351246, "x": -0.007648852241946509, "y": 0.3583779644649071, "z": 1.4471684942953476}
{"w": -0.1795595088057333, "i": 0.18214985982692233, "j": 0.6843354531960777, "k": 0.6828358505976353, "x": -0.007667583362933666, "y": 0.358357448699697, "z": 1.447525475173691}
{"w": -0.17770092106263616, "i": 0.18025271054843983, "j": 0.6848262704448839, "k": 0.6833332439607944, "x": -0.0076009654027630585, "y": 0.35833275770270767, "z": 1.447766086210046}
{"w": -0.17612039481146097, "i": 0.1786504178309085, "j": 0.6852535899840132, "k": 0.6837347088998184, "x": -0.007574996523861359, "y": 0.3583100721994502, "z": 1.4481141222925002}
{"w": -0.17426942971983228, "i": 0.1767530258418857, "j": 0.6857349700023277, "k": 0.6842193249512685, "x": -0.007489461595051378, "y": 0.35828450826720804, "z": 1.4483501801285688}
{"w": -0.1727013298353994, "i": 0.175154694529166, "j": 0.6861523831569326, "k": 0.6846093709156643, "x": -0.007442986268679768, "y": 0.35826070245439134, "z": 1.4486931751183973}
{"w": -0.17088291997039393, "i": 0.17327343757961888, "j": 0.6866193928643981, "k": 0.6850760197483632, "x": -0.007349680495369954, "y": 0.35823493115496274, "z": 1.4489251925784967}
{"w": -0.16934391592064899, "i": 0.17169956260742442, "j": 0.6870211375112691, "k": 0.6854515701009093, "x": -0.007277488441353285, "y": 0.3582101011417729, "z": 1.4492596540299787}
{"w": -0.1675645340416117, "i": 0.16985291414231876, "j": 0.687468741797292, "k": 0.6859000244499402, "x": -0.007162849502511485, "y": 0.35818375840400607, "z": 1.4494843798207893}
{"w": -0.1660651179157136, "i": 0.1683097439242299, "j": 0.6878532340374515, "k": 0.6862595246231704, "x": -0.007078438863545926, "y": 0.35815881077484113, "z": 1.449805811139204}
{"w": -0.1643269861460485, "i": 0.166499880289543, "j": 0.6882812314245053, "k": 0.6866901615404809, "x": -0.0069542367554392, "y": 0.35813257997471876, "z": 1.4500203085333265}
{"w": -0.16285071986855523, "i": 0.16498358159492668, "j": 0.6886503811943513, "k": 0.6870376360311559, "x": -0.006879073138790305, "y": 0.3581087055661634, "z": 1.4503276509472829}
{"w": -0.16113328242515212, "i": 0.16319850236521233, "j": 0.6890629550976819, "k": 0.687455131650567, "x": -0.0067580234714035995, "y": 0.3580833263821519, "z": 1.450534274239844}
{"w": -0.1596677542763118, "i": 0.16168877029630996, "j": 0.6894227587086732, "k": 0.6877929990767205, "x": -0.0067203361254017605, "y": 0.35806172505776523, "z": 1.450831247699026}
{"w": -0.15796475965803367, "i": 0.15992262018599493, "j": 0.6898224563086609, "k": 0.688198277410887, "x": -0.006641338817919086, "y": 0.35803911234005886, "z": 1.4510322553086725}
{"w": -0.1564954519714382, "i": 0.15841346351760718, "j": 0.6901751678137932, "k": 0.6885292919127073, "x": -0.006655507075992848, "y": 0.3580202594903378, "z": 1.4513229144975757}
{"w": -0.15480282960400882, "i": 0.15665808748669804, "j": 0.6905643326326505, "k": 0.6889232396045476, "x": -0.006612943384253793, "y": 0.357999774578332, "z": 1.451519845348098}
{"w": -0.15334225037075452, "i": 0.15515364961893494, "j": 0.6909088274204491, "k": 0.6892448704587206, "x": -0.006672678168616886, "y": 0.3579831777376311, "z": 1.451803424788022}
{"w": -0.15167047689341712, "i": 0.15341939637426838, "j": 0.6912850847561959, "k": 0.6896256135387506, "x": -0.006645514923372635, "y": 0.3579637363637308, "z": 1.4519939046654282}
{"w": -0.1502188226921762, "i": 0.15194436901351144, "j": 0.6916153579325461, "k": 0.689938700687169, "x": -0.006688401144543453, "y": 0.35794705995970544, "z": 1.4522668924914843}
{"w": -0.14854734229693975, "i": 0.15023537992215016, "j": 0.6919779985091512, "k": 0.6903111380351854, "x": -0.006630076881867226, "y": 0.3579269162374479, "z": 1.4524503358423044}
{"w": -0.14710679536417, "i": 0.14877532290814002, "j": 0.6922974670888224, "k": 0.6906154582064205, "x": -0.0066278673117607725, "y": 0.3579085969348154, "z": 1.4527126974011428}
{"w": -0.14542945697434143, "i": 0.14707308593939003, "j": 0.6926510129230798, "k": 0.6909807195089057, "x": -0.006527133816586765, "y": 0.35788722115857297, "z": 1.4528890364124079}
{"w": -0.1440021837164615, "i": 0.1456301178813162, "j": 0.6929593609699545, "k": 0.6912760403014685, "x": -0.006459497185423379, "y": 0.3578663419889856, "z": 1.453142288856159}
{"w": -0.14231687121600492, "i": 0.14392028112863492, "j": 0.6933074631763432, "k": 0.691634023419269, "x": -0.006343066198814452, "y": 0.35784470336190133, "z": 1.4533134297513028}
{"w": -0.14089659596234563, "i": 0.14248421934029432, "j": 0.6936075880726729, "k": 0.6919211734390127, "x": -0.006236320755781711, "y": 0.3578224348493502, "z": 1.4535606595444537}
{"w": -0.13921581169313363, "i": 0.14077504304102767, "j": 0.6939482085309893, "k": 0.6922696215406611, "x": -0.006111307183594284, "y": 0.3578006400352637, "z": 1.4537275158191278}
{"w": -0.13779422471891586, "i": 0.13934601934027, "j": 0.6942403325979476, "k": 0.6925502141523211, "x": -0.006009669892360641, "y": 0.35777895774036017, "z": 1.4539676483636046}
{"w": -0.13612839306263214, "i": 0.13766869764124923, "j": 0.6945670501986239, "k": 0.6928874389612868, "x": -0.005884931635896768, "y": 0.3577579451626413, "z": 1.4541284303369661}
{"w": -0.13472425676787178, "i": 0.13626542785940388, "j": 0.6948471813404019, "k": 0.6931583530420284, "x": -0.005802702866250691, "y": 0.3577375989375786, "z": 1.4543598678708627}
{"w": -0.13308606219019356, "i": 0.13462000155683657, "j": 0.6951596964152823, "k": 0.6934829137847295, "x": -0.00568803090954032, "y": 0.3577175906935022, "z": 1.4545140196006423}
{"w": -0.13171197649451985, "i": 0.1332383781269989, "j": 0.6954286936855459, "k": 0.6937423310140514, "x": -0.0056283551662399045, "y": 0.3576984214933541, "z": 1.454735542653701}
{"w": -0.1301098865263368, "i": 0.13161661817877088, "j": 0.6957288215408353, "k": 0.6940532329185483, "x": -0.005530306719081247, "y": 0.3576793893317907, "z": 1.4548836930534166}
{"w": -0.12875764580846147, "i": 0.1302483807209402, "j": 0.6959884448259817, "k": 0.6943031849517529, "x": -0.005489741697851784, "y": 0.35766133806839495, "z": 1.4550964372671276}
{"w": -0.1271792487511061, "i": 0.12863786493648846, "j": 0.6962788925512075, "k": 0.6946030824718176, "x": -0.005412316031600927, "y": 0.3576433316610159, "z": 1.4552398283359185}
{"w": -0.12584056639923366, "i": 0.12728314683011077, "j": 0.6965296379429162, "k": 0.6948450300955279, "x": -0.005395332625361087, "y": 0.35762648685257303, "z": 1.4554457599278716}
{"w": -0.12428379717568395, "i": 0.1257027762869875, "j": 0.6968076265653966, "k": 0.6951341463010116, "x": -0.005323173942670208, "y": 0.3576090720773601, "z": 1.4555852250962993}
{"w": -0.12295239962402416, "i": 0.12435956975901037, "j": 0.6970504517081598, "k": 0.6953690190175998, "x": -0.005327249886908252, "y": 0.35759314804208886, "z": 1.4557858734694569}
{"w": -0.12141521998711513, "i": 0.12280740450896678, "j": 0.6973169583925517, "k": 0.695647716370443, "x": -0.005271702124303579, "y": 0.3575768394652965, "z": 1.4559215894676283}
{"w": -0.12010164137791239, "i": 0.12148205910042202, "j": 0.6975509074280102, "k": 0.6958738654392856, "x": -0.005278838038210796, "y": 0.35756129606343917, "z": 1.456116118104283}
{"w": -0.11859042775102127, "i": 0.11994352666037929, "j": 0.6978087532379533, "k": 0.6961413683746961, "x": -0.005220433909065433, "y": 0.35754508977190913, "z": 1.456247043268913}
{"w": -0.11729058045064877, "i": 0.11861517516202442, "j": 0.6980375168614176, "k": 0.6963598100212123, "x": -0.005232965057149911, "y": 0.35752977914570033, "z": 1.4564345741952884}
{"w": -0.1157908095615622, "i": 0.11707152201057262, "j": 0.6982901161241385, "k": 0.696618734228806, "x": -0.005167909649244927, "y": 0.3575135542300751, "z": 1.4565601694125483}
{"w": -0.11451522772207622, "i": 0.11576310335666995, "j": 0.69850953075562, "k": 0.696828244235664, "x": -0.005143093086542629, "y": 0.3574972817187623, "z": 1.4567393468225733}
{"w": -0.11303323255003708, "i": 0.1142373172060694, "j": 0.6987529889019535, "k": 0.6970778896202604, "x": -0.0050446495146078355, "y": 0.3574803285860275, "z": 1.4568593803881953}
{"w": -0.11177780272677121, "i": 0.1129572558038779, "j": 0.698961981594536, "k": 0.6972793769101967, "x": -0.004962182986098934, "y": 0.3574625218091812, "z": 1.4570316622091655}
{"w": -0.11031149230189502, "i": 0.11146826633524835, "j": 0.6991938008515384, "k": 0.697520056426425, "x": -0.004833547815203584, "y": 0.35744522930595113, "z": 1.4571467844502823}
{"w": -0.10907620496790525, "i": 0.11022505484693111, "j": 0.6993916780007163, "k": 0.6977134795438121, "x": -0.004707234553063397, "y": 0.3574265505036272, "z": 1.4573127492284117}
{"w": -0.10762144533627495, "i": 0.10874785621276872, "j": 0.6996163917266954, "k": 0.6979458665972439, "x": -0.004572552745989973, "y": 0.3574094385433728, "z": 1.4574235191436495}
{"w": -0.106387468272366, "i": 0.10750603632110274, "j": 0.6998093809431629, "k": 0.6981339334920412, "x": -0.004455223261720058, "y": 0.35739133208569596, "z": 1.4575839935981556}
{"w": -0.10493174393713756, "i": 0.10602811629143181, "j": 0.7000290714108673, "k": 0.698359983711582, "x": -0.004335278095521263, "y": 0.3573750965422482, "z": 1.4576908900374204}
{"w": -0.1036969923151092, "i": 0.1047814574017223, "j": 0.7002181723140417, "k": 0.6985429772968552, "x": -0.004256279476085407, "y": 0.3573584815245681, "z": 1.4578450480830056}
{"w": -0.10224241937945727, "i": 0.10329652853767551, "j": 0.7004335957727651, "k": 0.6987625439191311, "x": -0.004173056187007583, "y": 0.35734367743042983, "z": 1.45794739621959}
{"w": -0.1010069136584296, "i": 0.10204503199650965, "j": 0.7006186483861461, "k": 0.6989405728469341, "x": -0.004137887059942467, "y": 0.35732872595821563, "z": 1.4580941762359294}
{"w": -0.09956190808464004, "i": 0.10059084328827532, "j": 0.7008240278678431, "k": 0.6991527663309303, "x": -0.004076188638277232, "y": 0.35731527220512294, "z": 1.4581910328679075}
{"w": -0.09835504184256094, "i": 0.09937225883975162, "j": 0.70099922287209, "k": 0.6993221928767597, "x": -0.004067634408261819, "y": 0.35730162907834295, "z": 1.4583291978956412}
{"w": -0.09694697450786892, "i": 0.09795931910333924, "j": 0.7011929217394063, "k": 0.6995239398599137, "x": -0.004008725159524447, "y": 0.3572886937403955, "z": 1.4584208585736347}
{"w": -0.09576045884435982, "i": 0.09677367536543123, "j": 0.7013584211479889, "k": 0.6996864693296454, "x": -0.004002696764647756, "y": 0.35727565406454, "z": 1.4585518699681184}
{"w": -0.09438941461272925, "i": 0.09539365013345831, "j": 0.7015419399773724, "k": 0.6998782725417809, "x": -0.003947663083101177, "y": 0.3572631021497904, "z": 1.4586391365636686}
{"w": -0.09324432696944394, "i": 0.09424101002925228, "j": 0.7016979398272254, "k": 0.7000315198324357, "x": -0.003935480050122671, "y": 0.3572500705787882, "z": 1.4587645647753988}
{"w": -0.09192090446636997, "i": 0.09290447476492034, "j": 0.7018701394863701, "k": 0.7002125485794458, "x": -0.003867263091211486, "y": 0.35723739728305953, "z": 1.4588488332255196}
{"w": -0.09080046774169712, "i": 0.09176809424303314, "j": 0.7020195270868027, "k": 0.7003588191246778, "x": -0.0038648533789561977, "y": 0.35722462336323535, "z": 1.4589705046999981}
{"w": -0.08950791557245685, "i": 0.09046252338455905, "j": 0.7021827638542768, "k": 0.700531391915267, "x": -0.0037867437844938275, "y": 0.357211916906777, "z": 1.459052241619827}
{"w": -0.08840378049223396, "i": 0.08934669221869758, "j": 0.7023254254670378, "k": 0.7006717754603814, "x": -0.0037889280308007, "y": 0.3571994113740073, "z": 1.4591703939086984}
{"w": -0.08712948487867034, "i": 0.0880721974366539, "j": 0.7024805198641985, "k": 0.7008372565116544, "x": -0.003721811713653469, "y": 0.3571873333577348, "z": 1.4592495419423823}
{"w": -0.08603958955365693, "i": 0.08697903278017109, "j": 0.7026163934827221, "k": 0.7009722109295042, "x": -0.0037089046567042407, "y": 0.3571747045536335, "z": 1.4593635892561407}
{"w": -0.0847773444137493, "i": 0.08572091203609301, "j": 0.7027653408032866, "k": 0.701131658734288, "x": -0.0036261803728965315, "y": 0.35716257668803275, "z": 1.4594394572101907}
{"w": -0.08370385417785452, "i": 0.08464831562191909, "j": 0.7028947557429722, "k": 0.7012612136765959, "x": -0.0035701778461667394, "y": 0.3571491877548879, "z": 1.459548296318606}
{"w": -0.08245788128160221, "i": 0.08340238561018051, "j": 0.7030383459980015, "k": 0.701414160069124, "x": -0.003471358219554652, "y": 0.357136925597361, "z": 1.4596205179829298}
{"w": -0.08141976285154351, "i": 0.0823567271239044, "j": 0.7031606877197082, "k": 0.7015363418670375, "x": -0.003371746703220721, "y": 0.3571228286963326, "z": 1.4597232000462386}
{"w": -0.0802133024177916, "i": 0.08112510044180528, "j": 0.7032984688485869, "k": 0.7016807022490877, "x": -0.0032333159978925694, "y": 0.3571098660414812, "z": 1.459791061507356}
{"w": -0.07920639711886991, "i": 0.08009800592969354, "j": 0.7034149784341385, "k": 0.7017962839856277, "x": -0.003098503480200777, "y": 0.3570952926853769, "z": 1.4598882475539767}
{"w": -0.07803315284002617, "i": 0.0788828641376115, "j": 0.7035470792571076, "k": 0.7019329227726008, "x": -0.0029509738817562045, "y": 0.3570825254926805, "z": 1.4599522993031953}
{"w": -0.07705957080318042, "i": 0.07788070072728835, "j": 0.7036573350367772, "k": 0.7020418604690161, "x": -0.0027984792908902277, "y": 0.3570679100431474, "z": 1.4600447059630175}
{"w": -0.07590272383364079, "i": 0.07668209143935333, "j": 0.7037841004315366, "k": 0.7021727517832732, "x": -0.002660098735222824, "y": 0.357055778804691, "z": 1.4601061955776562}
{"w": -0.07492457072956345, "i": 0.07567544694742016, "j": 0.7038920062957378, "k": 0.7022788469712443, "x": -0.002540788789867164, "y": 0.3570422586664165, "z": 1.4601950064599374}
{"w": -0.07375884881028448, "i": 0.07446810546301509, "j": 0.7040164807737842, "k": 0.702406526371892, "x": -0.002441862619327338, "y": 0.35703131822041745, "z": 1.4602539660826714}
{"w": -0.07275925794671859, "i": 0.07344855773443774, "j": 0.704122979719577, "k": 0.7025113729902163, "x": -0.0023800180588796466, "y": 0.3570193196044007, "z": 1.4603396714257566}
{"w": -0.07157412035999328, "i": 0.0722430145778955, "j": 0.7042441118747552, "k": 0.7026366934832885, "x": -0.002312540764002459, "y": 0.3570094495941214, "z": 1.460396345215259}
{"w": -0.0705509617460735, "i": 0.07120422336102197, "j": 0.7043498596902957, "k": 0.7027402048598893, "x": -0.0023144190129670695, "y": 0.35699892850473053, "z": 1.4604785291845477}
{"w": -0.06936330376461759, "i": 0.06999625342900762, "j": 0.7044677289426104, "k": 0.7028616332360167, "x": -0.0022703487314473286, "y": 0.35698975825979273, "z": 1.4605325283398976}
{"w": -0.0683503428642327, "i": 0.0689719324038251, "j": 0.7045686717117144, "k": 0.7029609448704921, "x": -0.0022846619192031636, "y": 0.3569797591988221, "z": 1.4606103057096014}
{"w": -0.067183356758994, "i": 0.06778473168226473, "j": 0.7046808128229977, "k": 0.7030765098938216, "x": -0.0022457234923860168, "y": 0.3569709296729888, "z": 1.460661100161138}
{"w": -0.06619960877928191, "i": 0.06678544292156464, "j": 0.7047759513200385, "k": 0.7031700895602542, "x": -0.0022475649091813705, "y": 0.35696100689707233, "z": 1.4607339097414787}
{"w": -0.0650765409899452, "i": 0.06563803322665952, "j": 0.7048805343936273, "k": 0.7032781275141967, "x": -0.002190587260213814, "y": 0.3569521540537969, "z": 1.4607812784164418}
{"w": -0.06414946709500187, "i": 0.06468700815745655, "j": 0.7049675314481738, "k": 0.7033642132287747, "x": -0.0021495307915548817, "y": 0.3569417974923398, "z": 1.4608489046620878}
{"w": -0.06306617055412689, "i": 0.06356677858440388, "j": 0.7050659664049364, "k": 0.7034656393950689, "x": -0.0020770546169075373, "y": 0.3569329628822516, "z": 1.4608932191965893}
{"w": -0.06216837966728976, "i": 0.0626450681021397, "j": 0.7051472756317912, "k": 0.7035467345394227, "x": -0.0020118929497651393, "y": 0.35692252344824305, "z": 1.460956815137085}
{"w": -0.06112698616306676, "i": 0.061566823961434626, "j": 0.7052385222348018, "k": 0.7036417017957333, "x": -0.001915145668618627, "y": 0.3569136047458911, "z": 1.4609987470611323}
{"w": -0.06026061903895915, "i": 0.06068079999416787, "j": 0.7053137718158436, "k": 0.7037179702068278, "x": -0.0018256466159916381, "y": 0.35690298642894436, "z": 1.4610596755072625}
{"w": -0.05924213361808148, "i": 0.059638249479537664, "j": 0.7053989218056131, "k": 0.7038082195590452, "x": -0.001729746757733149, "y": 0.35689437243997657, "z": 1.4610999307742798}
{"w": -0.05838397597638403, "i": 0.05876894751408521, "j": 0.7054703171017461, "k": 0.7038814913361754, "x": -0.001650094347502605, "y": 0.35688415991821565, "z": 1.4611583367481484}
{"w": -0.057379995318027344, "i": 0.05774943934931849, "j": 0.7055507924191698, "k": 0.7039677675212301, "x": -0.0015525461867331464, "y": 0.3568757267808287, "z": 1.4611972684727652}
{"w": -0.056532180764583106, "i": 0.05689897676520119, "j": 0.705618254305535, "k": 0.7040379948354234, "x": -0.001471879476334404, "y": 0.35686560775426923, "z": 1.4612540377965044}
{"w": -0.05554904283421375, "i": 0.05590465647321306, "j": 0.7056941762806612, "k": 0.7041198071268655, "x": -0.0013843385979091043, "y": 0.3568574932085542, "z": 1.461291564806818}
{"w": -0.05470525026540463, "i": 0.055058283323198884, "j": 0.7057592516509672, "k": 0.7041873328454361, "x": -0.0013262193590353338, "y": 0.35684785935783775, "z": 1.4613459287210038}
{"w": -0.053732460457555004, "i": 0.05407015000865281, "j": 0.7058323519833305, "k": 0.7042655269604636, "x": -0.0012435849851524434, "y": 0.356839990649545, "z": 1.4613819520401545}
{"w": -0.05290328666457803, "i": 0.053221521963056, "j": 0.7058953670668875, "k": 0.7043297825688802, "x": -0.0011964732563497077, "y": 0.356830502428371, "z": 1.4614343472672606}
{"w": -0.05193240508785147, "i": 0.05222690453901845, "j": 0.7059666468358325, "k": 0.7044050463330277, "x": -0.0011356906628484684, "y": 0.3568231257936344, "z": 1.4614685225034978}
{"w": -0.051107308596777534, "i": 0.05136968433782694, "j": 0.7060281647626125, "k": 0.704466769337606, "x": -0.0010964323523704152, "y": 0.35681393254522575, "z": 1.4615179653529684}
{"w": -0.050153176204421834, "i": 0.05037069299903122, "j": 0.7060972902152062, "k": 0.7045381955253732, "x": -0.001028261874506533, "y": 0.356806605022695, "z": 1.46155012305682}
{"w": -0.04933849487608794, "i": 0.04951968315986988, "j": 0.7061560863250985, "k": 0.7045971158393489, "x": -0.0009853119042028753, "y": 0.3567976562167382, "z": 1.4615963528454752}
{"w": -0.04840319805394881, "i": 0.048531127052833085, "j": 0.7062219698382384, "k": 0.704664735489815, "x": -0.0009164898009582799, "y": 0.3567906229459997, "z": 1.4616259889778165}
{"w": -0.0476094848946615, "i": 0.04770113487239963, "j": 0.7062771490904997, "k": 0.7047201766322198, "x": -0.000859781631095831, "y": 0.3567818603344305, "z": 1.4616685447865654}
{"w": -0.04668034996351699, "i": 0.04673145987181728, "j": 0.7063394922075803, "k": 0.7047848163329503, "x": -0.0007775165017942332, "y": 0.35677501189515076, "z": 1.461695930883478}
{"w": -0.0459097225223018, "i": 0.045937316476114265, "j": 0.7063901750725563, "k": 0.7048368470035195, "x": -0.0007056856285317435, "y": 0.3567664780209163, "z": 1.4617352541947306}
{"w": -0.04500362684105179, "i": 0.04500770695964021, "j": 0.7064476565180714, "k": 0.7048976439778418, "x": -0.000620827130431331, "y": 0.35675995052414655, "z": 1.4617605779983789}
{"w": -0.044241287435596514, "i": 0.044243076880908845, "j": 0.7064946090725117, "k": 0.7049472504986668, "x": -0.0005489571564224633, "y": 0.35675176539661324, "z": 1.4617972402392772}
{"w": -0.04334978926430128, "i": 0.0433577725320353, "j": 0.706547324967776, "k": 0.7050048063046674, "x": -0.0004524029975521652, "y": 0.35674542998598935, "z": 1.461820834026616}
{"w": -0.04259998676170132, "i": 0.042614206754858844, "j": 0.7065912567090594, "k": 0.7050518182749901, "x": -0.0003825981971801544, "y": 0.3567374889942619, "z": 1.4618553288131644}
{"w": -0.04172522546788529, "i": 0.04174998247242617, "j": 0.7066408002838868, "k": 0.7051061791654891, "x": -0.0003099818479892079, "y": 0.35673160046064617, "z": 1.4618776507434448}
{"w": -0.04099008879760962, "i": 0.04102116414743214, "j": 0.7066821595205623, "k": 0.7051506237164572, "x": -0.0002608909966751348, "y": 0.3567240270203723, "z": 1.461910339426327}
{"w": -0.04013632533930767, "i": 0.040178024791907456, "j": 0.7067285900834591, "k": 0.7052017453684617, "x": -0.0001932705886574533, "y": 0.35671835350867037, "z": 1.4619313911520277}
{"w": -0.03941587877405825, "i": 0.03945973713098614, "j": 0.7067676894088193, "k": 0.7052437527931329, "x": -0.0001605034241374853, "y": 0.3567111524088559, "z": 1.4619620403643927}
{"w": -0.038585287739581094, "i": 0.038618663300200605, "j": 0.7068121525068368, "k": 0.7052916811388126, "x": -0.00010189140100171323, "y": 0.3567056959777848, "z": 1.4619818156024016}
{"w": -0.037877447582044484, "i": 0.03790033135863558, "j": 0.7068496523277247, "k": 0.7053314347537266, "x": -8.771058001075607e-05, "y": 0.35669880624208894, "z": 1.462010618180747}
{"w": -0.037074256148163925, "i": 0.037074032972344885, "j": 0.7068914697065709, "k": 0.7053761164558313, "x": -3.673439648629519e-05, "y": 0.35669359483708085, "z": 1.4620290568903602}
{"w": -0.03639170286119725, "i": 0.03637259226182475, "j": 0.7069264618133394, "k": 0.705413110229099, "x": -2.58077670880046e-05, "y": 0.3566869173989103, "z": 1.4620558243870487}
{"w": -0.03560533647911485, "i": 0.03555470489043201, "j": 0.7069662005568482, "k": 0.7054551114313214, "x": 1.232897942488452e-05, "y": 0.3566820150524565, "z": 1.462072777607927}
{"w": -0.03493116649429022, "i": 0.034861671917674295, "j": 0.7069993144827599, "k": 0.7054902173378176, "x": 2.5185787445200283e-05, "y": 0.3566755064882442, "z": 1.4620976121407179}
{"w": -0.03414893147647907, "i": 0.03406488310591169, "j": 0.7070364693675589, "k": 0.7055302014813065, "x": 6.875624792197286e-05, "y": 0.3566707698066022, "z": 1.4621132432644053}
{"w": -0.03348523408236499, "i": 0.03339931689121934, "j": 0.7070668911825893, "k": 0.7055633466408514, "x": 9.143039742666074e-05, "y": 0.3566644885206085, "z": 1.4621358698027989}
{"w": -0.032711330282964884, "i": 0.03263209083292608, "j": 0.7071012380811339, "k": 0.705601129975795, "x": 0.00014125910825162348, "y": 0.3566599388685925, "z": 1.4621500526881297}
{"w": -0.03205598674611921, "i": 0.03199188003764957, "j": 0.7071292657574741, "k": 0.705632436070427, "x": 0.00016420661614964527, "y": 0.35665392201755675, "z": 1.4621707532084938}
{"w": -0.031290434356006216, "i": 0.03125000019335218, "j": 0.7071611440947757, "k": 0.7056680965498555, "x": 0.00021629363508833305, "y": 0.35664957443377876, "z": 1.4621836629715914}
{"w": -0.030656169687302066, "i": 0.03062668613420487, "j": 0.7071872112133274, "k": 0.705697140176193, "x": 0.00024688121635834396, "y": 0.3566436931435233, "z": 1.4622026146756189}
{"w": -0.02990745063711423, "i": 0.029897465156258636, "j": 0.7072172512952029, "k": 0.7057304339789218, "x": 0.0002898439296959177, "y": 0.3566395636583258, "z": 1.4622144205409195}
{"w": -0.029285808148436433, "i": 0.029291062335117638, "j": 0.7072414142405983, "k": 0.7057577184071969, "x": 0.0003242846645601893, "y": 0.3566338817340734, "z": 1.4622317856298515}
{"w": -0.028558187178447762, "i": 0.028570285258012227, "j": 0.7072697489198516, "k": 0.7057886872203374, "x": 0.00036384076901928894, "y": 0.35662989861274497, "z": 1.462242662562046}
{"w": -0.02795342007706905, "i": 0.027968105067071054, "j": 0.707292544966177, "k": 0.7058141733064174, "x": 0.00038474993680002567, "y": 0.35662440201007994, "z": 1.4622588825471265}
{"w": -0.027261736644085134, "i": 0.027253682249665512, "j": 0.7073191593331317, "k": 0.7058425046419741, "x": 0.00042021689992164854, "y": 0.3566205015453756, "z": 1.4622690488298782}
{"w": -0.0266802154301906, "i": 0.02665785656163286, "j": 0.7073404735094557, "k": 0.7058661199714557, "x": 0.00043249023913717995, "y": 0.3566151247431601, "z": 1.4622842572568726}
{"w": -0.02602871906216576, "i": 0.025958285070665412, "j": 0.7073650851456207, "k": 0.7058918539954278, "x": 0.0004555106136824818, "y": 0.3566113616484168, "z": 1.4622938020065184}
{"w": -0.025483152941823402, "i": 0.025368830762627786, "j": 0.7073849334802368, "k": 0.7059133000780211, "x": 0.00045087310757746735, "y": 0.35660610139595694, "z": 1.462308093752297}
{"w": -0.02487607572033518, "i": 0.024679875940977383, "j": 0.7074077520773417, "k": 0.7059365105171831, "x": 0.00044968486452923737, "y": 0.3566024676576922, "z": 1.4623171434492506}
{"w": -0.024347411521512957, "i": 0.02409890509598354, "j": 0.7074261802268841, "k": 0.7059565467186897, "x": 0.0004234026385018777, "y": 0.35659735925837577, "z": 1.4623305430148088}
{"w": -0.02376359007635839, "i": 0.023429020572350304, "j": 0.7074470585184814, "k": 0.7059780677721172, "x": 0.0004223626367547603, "y": 0.35659377379585266, "z": 1.4623389633261838}
{"w": -0.02324970564291206, "i": 0.022858637925301673, "j": 0.7074640774117747, "k": 0.7059968222532059, "x": 0.00039009400737419176, "y": 0.3565887453591593, "z": 1.4623513594708843}
{"w": -0.022667938579037244, "i": 0.022216264967714193, "j": 0.7074830130502664, "k": 0.7060172720102382, "x": 0.0003904041868550823, "y": 0.35658526087639586, "z": 1.4623590419970312}
{"w": -0.022160347011001877, "i": 0.021669148843893517, "j": 0.7074984201674875, "k": 0.7060349513085333, "x": 0.00037345886157206317, "y": 0.3565802761726891, "z": 1.462370291538176}
{"w": -0.021582738315084223, "i": 0.02106062041791207, "j": 0.7075154355867608, "k": 0.7060542076079654, "x": 0.0003943915247194102, "y": 0.3565768188018903, "z": 1.4623771521256266}
{"w": -0.02107719580358427, "i": 0.02054948586495257, "j": 0.707529041971477, "k": 0.7060709066479569, "x": 0.00039847937709911775, "y": 0.35657193284454247, "z": 1.46238719602045}
{"w": -0.020493147468607198, "i": 0.01998115185496564, "j": 0.707544243222357, "k": 0.7060891787588035, "x": 0.0004353091225537478, "y": 0.35656861353106395, "z": 1.4623931582059533}
{"w": -0.02000023028890107, "i": 0.019508111073790333, "j": 0.7075561761840484, "k": 0.7061045828590352, "x": 0.00047085878193221206, "y": 0.3565638520445734, "z": 1.4624019129780914}
{"w": -0.019422449588043917, "i": 0.018979988644980024, "j": 0.7075696995253428, "k": 0.7061215538394596, "x": 0.0005296824382847808, "y": 0.3565606780779804, "z": 1.4624069695293027}
{"w": -0.018937944663702556, "i": 0.018536584860755434, "j": 0.7075802895389773, "k": 0.7061358814913403, "x": 0.0005905664073013337, "y": 0.3565560496646352, "z": 1.4624146372446098}
{"w": -0.01836434482387323, "i": 0.018033851065082075, "j": 0.7075926447131944, "k": 0.7061516694044842, "x": 0.0006702122738354377, "y": 0.3565530014302113, "z": 1.4624189261589722}
{"w": -0.01789251235848258, "i": 0.017607387136385273, "j": 0.7076023162885137, "k": 0.7061648532055825, "x": 0.0007544349893437318, "y": 0.3565486200545621, "z": 1.462425451543428}
{"w": -0.017323131357404997, "i": 0.017108867025462157, "j": 0.707614057342539, "k": 0.7061795392393564, "x": 0.000843163546123749, "y": 0.35654575909851693, "z": 1.4624290676112857}
{"w": -0.01686609922378261, "i": 0.016697237372076634, "j": 0.7076228595290459, "k": 0.7061916352046737, "x": 0.0009436801884675427, "y": 0.3565415800025711, "z": 1.462434708308297}
{"w": -0.01633058735942102, "i": 0.01620722486193508, "j": 0.7076337326358892, "k": 0.7062047424186347, "x": 0.0010320845272175734, "y": 0.35653891449026953, "z": 1.4624377712954733}
{"w": -0.015918004133260756, "i": 0.01581048074289882, "j": 0.7076416053775992, "k": 0.7062152675931798, "x": 0.0011308613644260392, "y": 0.3565350387814237, "z": 1.4624425784477826}
{"w": -0.015437544785724042, "i": 0.015337490188063716, "j": 0.7076513598984551, "k": 0.706226590011724, "x": 0.0012133121726323115, "y": 0.35653257820027556, "z": 1.4624451748171994}
{"w": -0.015071539068546826, "i": 0.01495351819963495, "j": 0.7076583759664435, "k": 0.7062356999813127, "x": 0.0013045353032237722, "y": 0.3565289547276368, "z": 1.462449339054486}
{"w": -0.014648278208324567, "i": 0.014486961057890605, "j": 0.707667220124744, "k": 0.7062454682798016, "x": 0.0013747659430400825, "y": 0.3565266511189856, "z": 1.4624516295324965}
{"w": -0.01431405014754209, "i": 0.014109392772894913, "j": 0.7076735545125981, "k": 0.7062536182190216, "x": 0.0014626504918119135, "y": 0.35652322801175024, "z": 1.4624552702036093}
{"w": -0.013926820660126949, "i": 0.01364075546751666, "j": 0.7076817720155457, "k": 0.7062623329992291, "x": 0.0015194177299575212, "y": 0.3565210994219926, "z": 1.4624572899850259}
{"w": -0.013605303433312248, "i": 0.013263209689584542, "j": 0.7076876488429795, "k": 0.7062699021353763, "x": 0.0015869056556829576, "y": 0.3565178850569133, "z": 1.462460509208982}
{"w": -0.013232909122602577, "i": 0.01280094822633594, "j": 0.7076951481519577, "k": 0.7062779928065429, "x": 0.0016369348570524562, "y": 0.35651585074776954, "z": 1.4624623054695587}
{"w": -0.012924079355241055, "i": 0.012431898607767188, "j": 0.7077004341237711, "k": 0.7062850073524513, "x": 0.0016853577618188157, "y": 0.35651277752326616, "z": 1.4624651582595534}
{"w": -0.012574940116833506, "i": 0.012001448407044915, "j": 0.7077068731043579, "k": 0.7062923034254615, "x": 0.0017317338286269425, "y": 0.3565108494518963, "z": 1.4624666593398419}
{"w": -0.012278781270489576, "i": 0.011653616815507962, "j": 0.7077114367792003, "k": 0.7062987661022416, "x": 0.001769421940128861, "y": 0.35650793535574454, "z": 1.4624690907525821}
{"w": -0.011944430154993092, "i": 0.011246502463366722, "j": 0.7077170572327535, "k": 0.7063054676784162, "x": 0.0018002189702565872, "y": 0.35650611226797874, "z": 1.462470349053089}
{"w": -0.011656704399172591, "i": 0.010911403863621088, "j": 0.7077211103347215, "k": 0.7063114698876585, "x": 0.0018103962768209136, "y": 0.3565033338923938, "z": 1.4624724586751896}
{"w": -0.011326554421468925, "i": 0.01052123962910368, "j": 0.7077261295376895, "k": 0.7063177317972463, "x": 0.0018286457120668803, "y": 0.35650156822832235, "z": 1.4624735114621923}
{"w": -0.011032450144803403, "i": 0.010196721724953759, "j": 0.7077297991886706, "k": 0.7063234692761036, "x": 0.0018287443734666844, "y": 0.3564988543606961, "z": 1.4624753198804528}
{"w": -0.010685327361466965, "i": 0.009819228814494676, "j": 0.7077344734298371, "k": 0.7063294710286828, "x": 0.0018332778977742025, "y": 0.356497176660465, "z": 1.4624761630790608}
{"w": -0.01037213084252532, "i": 0.00949679444859183, "j": 0.7077379768941481, "k": 0.7063350379662372, "x": 0.0018073221637099107, "y": 0.3564945516993535, "z": 1.462477696587988}
{"w": -0.009995320049167228, "i": 0.009136188715363482, "j": 0.7077423528037069, "k": 0.7063408424271853, "x": 0.0018046734313185292, "y": 0.35649292753451545, "z": 1.4624783197772204}
{"w": -0.009667264507018769, "i": 0.008832790554796079, "j": 0.7077455008416147, "k": 0.7063461133512513, "x": 0.0017782178807217214, "y": 0.35649038556563306, "z": 1.462479519993639}
{"w": -0.009281913183642776, "i": 0.008510291569328528, "j": 0.7077493609466411, "k": 0.7063513736835784, "x": 0.001771788159204642, "y": 0.3564888749607258, "z": 1.462479854880625}
{"w": -0.00894956768759326, "i": 0.00823654526578183, "j": 0.7077520779198615, "k": 0.7063561854761441, "x": 0.0017422445621817684, "y": 0.3564864650606281, "z": 1.4624807019580925}
{"w": -0.008574737683520855, "i": 0.007962783838647083, "j": 0.7077553082492997, "k": 0.7063607375782839, "x": 0.0017461915485125455, "y": 0.35648506011884096, "z": 1.462480738588742}
{"w": -0.008255044884500342, "i": 0.007718732238347975, "j": 0.7077575856083373, "k": 0.7063649732400703, "x": 0.0017005091430781418, "y": 0.3564828248765055, "z": 1.4624812766197446}
{"w": -0.007909807838017409, "i": 0.007483137346630599, "j": 0.7077603261028984, "k": 0.7063687127769298, "x": 0.0017030532271277645, "y": 0.35648156220419747, "z": 1.4624810721961972}
{"w": -0.007617617039467911, "i": 0.007258187109367568, "j": 0.7077622713073634, "k": 0.7063723224648373, "x": 0.0016500306716294387, "y": 0.3564795030824228, "z": 1.4624813698953514}
{"w": -0.007299913522122202, "i": 0.007028991947412371, "j": 0.7077647423433122, "k": 0.7063755191330446, "x": 0.0016380013868029567, "y": 0.3564783336311186, "z": 1.4624810785160909}
{"w": -0.007039482803440497, "i": 0.006823149772175343, "j": 0.7077663639931695, "k": 0.7063785559520726, "x": 0.0015975018175319656, "y": 0.3564764727537181, "z": 1.4624811775229332}
{"w": -0.006747228706188255, "i": 0.00659398267775422, "j": 0.7077685925035107, "k": 0.70638135151123, "x": 0.0015879965461804467, "y": 0.35647536077913766, "z": 1.4624808752688925}
{"w": -0.006505890767325301, "i": 0.006381805256520769, "j": 0.7077700488140224, "k": 0.7063841051076875, "x": 0.0015453171170518505, "y": 0.35647359527508127, "z": 1.46248093092937}
{"w": -0.006232751080937247, "i": 0.0061378309119604285, "j": 0.7077721113556655, "k": 0.7063866634024196, "x": 0.001525061286775606, "y": 0.3564725520505124, "z": 1.4624807045322246}
{"w": -0.006014742358936038, "i": 0.005932038128514933, "j": 0.7077732993173875, "k": 0.7063891212153383, "x": 0.0015014900906954232, "y": 0.35647090239803414, "z": 1.4624807122774408}
{"w": -0.005773419732305885, "i": 0.005685975021393001, "j": 0.7077750742311972, "k": 0.7063913799089527, "x": 0.0014919400701359257, "y": 0.3564699425325193, "z": 1.4624805448706852}
{"w": -0.005582970138751823, "i": 0.00548231775276099, "j": 0.7077760508976607, "k": 0.7063935421648476, "x": 0.001485582650251064, "y": 0.35646842140613577, "z": 1.4624805219989767}
{"w": -0.005375554840120517, "i": 0.005244753398086411, "j": 0.707777529367578, "k": 0.7063954734384147, "x": 0.0014848625069525238, "y": 0.3564675550623768, "z": 1.462480377993032}
{"w": -0.005218993745256739, "i": 0.005058075013998936, "j": 0.7077782656787419, "k": 0.7063972710976681, "x": 0.0014932789778695139, "y": 0.3564662229441584, "z": 1.4624803100234811}
{"w": -0.005047593005985032, "i": 0.004835380377449675, "j": 0.7077794349629787, "k": 0.7063989045468139, "x": 0.0014993870051801415, "y": 0.3564654537729019, "z": 1.4624801782682841}
{"w": -0.004920664963530233, "i": 0.004678395010291238, "j": 0.7077799312613865, "k": 0.7064003599801403, "x": 0.0015270347142587967, "y": 0.35646429174437033, "z": 1.4624800354224128}
{"w": -0.004778893036845027, "i": 0.0044896396929091816, "j": 0.7077808127031818, "k": 0.7064016750305694, "x": 0.0015383936020681704, "y": 0.3564636462314752, "z": 1.462479876520748}
{"w": -0.004677352963133948, "i": 0.0043581198059205834, "j": 0.7077811484755594, "k": 0.7064028418853043, "x": 0.0015638707984876024, "y": 0.35646266648754227, "z": 1.462479692461404}
{"w": -0.004565196848808928, "i": 0.004207547381700932, "j": 0.7077817894938155, "k": 0.7064038462407287, "x": 0.001576416339929267, "y": 0.3564621493773108, "z": 1.4624794988375862}
{"w": -0.004480573823257783, "i": 0.004105728577500649, "j": 0.7077819919232575, "k": 0.7064047843554068, "x": 0.001604967460647275, "y": 0.35646133151928927, "z": 1.4624792865223755}
{"w": -0.0043937999945399256, "i": 0.0039975815728755205, "j": 0.7077823937276772, "k": 0.7064055471131977, "x": 0.001624118779308527, "y": 0.3564608781873976, "z": 1.4624790508343077}
{"w": -0.00432608015998663, "i": 0.003921226624356653, "j": 0.7077825289926993, "k": 0.7064062575210593, "x": 0.0016336854098027193, "y": 0.356460220531588, "z": 1.4624788333442724}
{"w": -0.004275262056011072, "i": 0.0038576344892823225, "j": 0.7077827305963382, "k": 0.7064067150445921, "x": 0.0016456935489641464, "y": 0.3564598740264806, "z": 1.4624785642717584}
{"w": -0.004239275593920107, "i": 0.003817351929338493, "j": 0.7077827348600194, "k": 0.706407146481941, "x": 0.0016579217184803387, "y": 0.3564593854053931, "z": 1.462478330334669}
{"w": -0.00421806806416564, "i": 0.0037919488128130827, "j": 0.7077827796756259, "k": 0.7064073653499461, "x": 0.0016654289066279529, "y": 0.3564591196260393, "z": 1.4624780326103965}
{"w": -0.004215917509669911, "i": 0.003794093478402363, "j": 0.7077827119931185, "k": 0.7064074344865686, "x": 0.001681429702477082, "y": 0.3564589019286047, "z": 1.4624777828551607}
{"w": -0.00422856885509778, "i": 0.0038068644550586605, "j": 0.7077825590081864, "k": 0.7064074434434297, "x": 0.001703300560283241, "y": 0.35645863167439573, "z": 1.4624774209499178}
{"w": -0.004243355094360474, "i": 0.00381749658708856, "j": 0.7077824267364907, "k": 0.7064074299300336, "x": 0.001716192571382801, "y": 0.35645842334914, "z": 1.462477172009187}
{"w": -0.0042814083785450395, "i": 0.003859950433342414, "j": 0.707782200034558, "k": 0.7064071967634459, "x": 0.001759763013394008, "y": 0.35645834181467057, "z": 1.462476825309638}
{"w": -0.004306785327879247, "i": 0.0038811762952185086, "j": 0.707782061993795, "k": 0.7064070645106243, "x": 0.0017855785250216012, "y": 0.3564582625988394, "z": 1.4624766106170934}
{"w": -0.004340622536427001, "i": 0.003915130960776673, "j": 0.707781889644795, "k": 0.7064068427162918, "x": 0.0018210688331563203, "y": 0.3564582444566383, "z": 1.4624763687823619}
{"w": -0.0043617856559568045, "i": 0.003936337671636763, "j": 0.7077817632842502, "k": 0.7064067211131732, "x": 0.0018612393853708123, "y": 0.35645820991913013, "z": 1.4624762132765405}
{"w": -0.0043829451180263145, "i": 0.003957548024586856, "j": 0.707781657561387, "k": 0.7064065775637861, "x": 0.001893428243635612, "y": 0.35645822030954843, "z": 1.462476083266869}
{"w": -0.0043977724095913395, "i": 0.003972379600818054, "j": 0.7077815721421712, "k": 0.7064064877491552, "x": 0.0019347916502915619, "y": 0.3564582205564798, "z": 1.4624759943098684}
{"w": -0.004408356359817735, "i": 0.003982970060148712, "j": 0.707781532734309, "k": 0.7064064016300938, "x": 0.0019586265589205936, "y": 0.35645823359035467, "z": 1.462475928637369}
{"w": -0.004414715705780792, "i": 0.00398932167172604, "j": 0.7077814925366226, "k": 0.7064063663504655, "x": 0.0019818266525820595, "y": 0.3564582316291184, "z": 1.4624758913076406}
{"w": -0.0044189552626941655, "i": 0.003993556072409701, "j": 0.707781465706442, "k": 0.7064063427990466, "x": 0.001997293356274506, "y": 0.3564582303215452, "z": 1.4624758661894999}
{"w": -0.004418957859274836, "i": 0.003993553529400292, "j": 0.7077814542234181, "k": 0.7064063543025572, "x": 0.0020008348375454, "y": 0.3564582072533059, "z": 1.4624758570324095}
{"w": -0.004418959356751403, "i": 0.003993552048574327, "j": 0.7077814525168373, "k": 0.706406356011464, "x": 0.0019999359700202104, "y": 0.3564582059990864, "z": 1.4624758666063205}
{"w": -0.004416842164604473, "i": 0.003991432294952555, "j": 0.7077814544521501, "k": 0.706406379293907, "x": 0.0019957440619190413, "y": 0.35645818358461456, "z": 1.4624758700473655}
{"w": -0.004410490282986611, "i": 0.0039850733317330165, "j": 0.7077814800228814, "k": 0.7064064292619544, "x": 0.001982919978070662, "y": 0.35645816057007196, "z": 1.4624758955634918}
{"w": -0.004404136109571447, "i": 0.003978716613139447, "j": 0.7077814972166265, "k": 0.7064064875105776, "x": 0.001966802772027404, "y": 0.35645811639464653, "z": 1.4624759147049167}
{"w": -0.004399899148954645, "i": 0.003974479668675267, "j": 0.7077815124749298, "k": 0.7064065224766429, "x": 0.0019548775491921256, "y": 0.35645809463370826, "z": 1.4624759303642234}
{"w": -0.004395662167657027, "i": 0.003970242703432846, "j": 0.7077815277079654, "k": 0.7064065574174427, "x": 0.001942952251102471, "y": 0.3564580728727021, "z": 1.4624759459019554}
{"w": -0.0043935457278708534, "i": 0.0039681221441486, "j": 0.7077815395998929, "k": 0.7064065705839605, "x": 0.001942952251102471, "y": 0.3564580728727021, "z": 1.4624759459019554}
{"w": -0.0043935457278708534, "i": 0.0039681221441486, "j": 0.7077815395998929, "k": 0.7064065705839605, "x": 0.001942952251102471, "y": 0.3564580728727021, "z": 1.4624759459019554}
{"w": -0.004391428535331978, "i": 0.003966002390015276, "j": 0.7077815414590063, "k": 0.7064065937902724, "x": 0.0019387603427470945, "y": 0.35645805045795154, "z": 1.4624759490864288}
{"w": -0.0043935457278708534, "i": 0.0039681221441486, "j": 0.7077815395998929, "k": 0.7064065705839605, "x": 0.001942952251102471, "y": 0.3564580728727021, "z": 1.4624759459019554}
{"w": -0.0043935457278708534, "i": 0.0039681221441486, "j": 0.7077815395998929, "k": 0.7064065705839605, "x": 0.001942952251102471, "y": 0.3564580728727021, "z": 1.4624759459019554}
{"w": -0.0043935457278708534, "i": 0.0039681221441486, "j": 0.7077815395998929, "k": 0.7064065705839605, "x": 0.001942952251102471, "y": 0.3564580728727021, "z": 1.4624759459019554}
{"w": -0.0043935457278708534, "i": 0.0039681221441486, "j": 0.7077815395998929, "k": 0.7064065705839605, "x": 0.001942952251102471, "y": 0.3564580728727021, "z": 1.4624759459019554}
{"w": -0.0043956621599473495, "i": 0.003966001592553417, "j": 0.7077815514854238, "k": 0.7064065574174905, "x": 0.0019408163159339291, "y": 0.3564580845086817, "z": 1.4624759459019554}
{"w": -0.0043935457278708534, "i": 0.0039681221441486, "j": 0.7077815395998929, "k": 0.7064065705839605, "x": 0.001942952251102471, "y": 0.3564580728727021, "z": 1.4624759459019554}
{"w": -0.004395665516778743, "i": 0.0039702393554090255, "j": 0.7077815262513638, "k": 0.7064065588748565, "x": 0.001950685640874957, "y": 0.3564580722190056, "z": 1.4624759335989341}
{"w": -0.004395665516778743, "i": 0.0039702393554090255, "j": 0.7077815262513638, "k": 0.7064065588748565, "x": 0.001950685640874957, "y": 0.3564580722190056, "z": 1.4624759335989341}
{"w": -0.00439990247754484, "i": 0.003974476300024688, "j": 0.7077815110184533, "k": 0.706406523934175, "x": 0.0019626108637490446, "y": 0.35645809397999206, "z": 1.462475917989864}
{"w": -0.004402022266368719, "i": 0.003976593511143687, "j": 0.7077814976508722, "k": 0.7064065122060402, "x": 0.0019703442533539712, "y": 0.35645809332625267, "z": 1.4624759055690462}
{"w": -0.004402020330762608, "i": 0.00398082601258856, "j": 0.7077814935267303, "k": 0.7064064925114553, "x": 0.0019790505797912437, "y": 0.35645809356609875, "z": 1.4624758833810125}
{"w": -0.004406257291372408, "i": 0.003985062956699706, "j": 0.707781478255726, "k": 0.7064064575073284, "x": 0.0019909758022266834, "y": 0.35645811532694754, "z": 1.4624758674956744}
{"w": -0.0044126118107225415, "i": 0.00399141941829622, "j": 0.7077814412399878, "k": 0.7064064190423819, "x": 0.002007341448336296, "y": 0.35645811527357496, "z": 1.4624758326987963}
{"w": -0.004416850281374361, "i": 0.003991413791468786, "j": 0.7077814481158456, "k": 0.7064063856963456, "x": 0.0020162319424374474, "y": 0.35645814786792257, "z": 1.4624758261176947}
{"w": -0.004421089837881277, "i": 0.003995648192427803, "j": 0.7077814212982335, "k": 0.706406362106982, "x": 0.002031698645353158, "y": 0.356458146652868, "z": 1.4624758005616367}
{"w": -0.004425327904526055, "i": 0.00400412518392586, "j": 0.7077813721940075, "k": 0.706406336770571, "x": 0.0020502001507300346, "y": 0.3564581344187401, "z": 1.462475765218937}
{"w": -0.004433801104789631, "i": 0.00400835880692352, "j": 0.7077813553391459, "k": 0.7064062765163688, "x": 0.0020677229002350364, "y": 0.35645816792172846, "z": 1.4624757356334463}
{"w": -0.004431682727462878, "i": 0.0040147118684748725, "j": 0.7077813392026334, "k": 0.7064062698995129, "x": 0.0020785651651719357, "y": 0.3564581557590472, "z": 1.4624757127616264}
{"w": -0.00443380509125489, "i": 0.004016826515902996, "j": 0.7077813142567828, "k": 0.7064062695546351, "x": 0.002089839958969531, "y": 0.3564581320366397, "z": 1.4624756902131588}
{"w": -0.004438041310638923, "i": 0.00401682317537101, "j": 0.707781312825376, "k": 0.706406244406213, "x": 0.002095437411685474, "y": 0.3564581439451084, "z": 1.462475677029967}
{"w": -0.004444400349925037, "i": 0.004018944562069176, "j": 0.7077812681904141, "k": 0.7064062370823931, "x": 0.002106638131429846, "y": 0.3564581206562118, "z": 1.4624756544854112}
{"w": -0.004438046481969477, "i": 0.004016818070439236, "j": 0.7077812898591482, "k": 0.7064062674136844, "x": 0.0021025202976496108, "y": 0.35645809785058546, "z": 1.462475658058062}
{"w": -0.004438050176282681, "i": 0.004016814466986756, "j": 0.7077812686247219, "k": 0.7064062886867234, "x": 0.0021105021252755185, "y": 0.35645805301550626, "z": 1.4624756293563244}
{"w": -0.004435932983960164, "i": 0.004014694714490021, "j": 0.7077812706043811, "k": 0.7064063120517539, "x": 0.002106310217720621, "y": 0.3564580305758356, "z": 1.4624756330907156}
{"w": -0.004431701215353878, "i": 0.0040104526881664364, "j": 0.7077812630614752, "k": 0.7064063702662069, "x": 0.00210146788920731, "y": 0.35645796264934093, "z": 1.4624756309239058}
{"w": -0.004425354483795095, "i": 0.004004088602162766, "j": 0.70778126576073, "k": 0.7064064434518547, "x": 0.0020957266871765527, "y": 0.3564578934624362, "z": 1.4624756382532291}
{"w": -0.0044147685612562345, "i": 0.003993489879892039, "j": 0.707781275404813, "k": 0.7064065600229563, "x": 0.0020747672297997907, "y": 0.35645778126281613, "z": 1.4624756560190257}
{"w": -0.004410536770645031, "i": 0.003989247832903874, "j": 0.7077812677346221, "k": 0.7064066181110524, "x": 0.002069924894358047, "y": 0.3564577133346936, "z": 1.4624756533468024}
{"w": -0.004397836227651177, "i": 0.0039765267948904314, "j": 0.7077812675382857, "k": 0.706406769215204, "x": 0.002048314933348216, "y": 0.3564575556450954, "z": 1.4624756639115952}
{"w": -0.0043851338614285095, "i": 0.003963807512106729, "j": 0.7077812886483275, "k": 0.7064068985155354, "x": 0.002027355474666243, "y": 0.3564574434426493, "z": 1.4624756800446772}
{"w": -0.004370316141543324, "i": 0.00394896673958597, "j": 0.7077812897769604, "k": 0.7064070723316517, "x": 0.0020015536792708996, "y": 0.35645726330897876, "z": 1.4624756919308473}
{"w": -0.004359730213211551, "i": 0.003938368013348492, "j": 0.7077812985950112, "k": 0.7064071880785328, "x": 0.0019805942194963304, "y": 0.3564571511040506, "z": 1.462475706556811}
{"w": -0.004342795294994042, "i": 0.0039214074847750404, "j": 0.7077813008898804, "k": 0.7064073844482325, "x": 0.0019506005141826696, "y": 0.3564569485250199, "z": 1.4624757189858044}
{"w": -0.004327974974808793, "i": 0.0039065692483547, "j": 0.7077813126124878, "k": 0.7064075458726851, "x": 0.0019212572363300903, "y": 0.35645679143392783, "z": 1.4624757370005466}
{"w": -0.004308920304012184, "i": 0.003887491542706562, "j": 0.7077813272269522, "k": 0.7064077529615411, "x": 0.0018835302219269933, "y": 0.3564565894571795, "z": 1.462475758353784}
{"w": -0.004298336942310679, "i": 0.003876890251727611, "j": 0.7077813236400247, "k": 0.7064078792934586, "x": 0.0018661121648446603, "y": 0.3564564541969485, "z": 1.4624757596500222}
{"w": -0.0042771706301158235, "i": 0.0038599282279852595, "j": 0.7077813227289167, "k": 0.7064081015684782, "x": 0.0018373555094184167, "y": 0.35645623934396814, "z": 1.4624757754606654}
{"w": -0.004266587284845183, "i": 0.003849326956220103, "j": 0.707781318728711, "k": 0.7064082274248878, "x": 0.0018199375254804744, "y": 0.35645610418476836, "z": 1.462475775054696}
{"w": -0.004249653182836306, "i": 0.0038323656975866524, "j": 0.7077813289398066, "k": 0.7064084114909641, "x": 0.0017941357229919231, "y": 0.3564559241881149, "z": 1.4624757773021801}
{"w": -0.004241183680138807, "i": 0.0038196464117594923, "j": 0.7077813474575875, "k": 0.7064085127271632, "x": 0.0017710403370766125, "y": 0.3564558227161635, "z": 1.4624757851191788}
{"w": -0.004230599084859867, "i": 0.003813276786180099, "j": 0.7077813488449063, "k": 0.70640860921907, "x": 0.0017665204355484803, "y": 0.35645571017335304, "z": 1.4624757606640109}
{"w": -0.004217900788809363, "i": 0.003800553347465804, "j": 0.7077813756012398, "k": 0.7064087269132554, "x": 0.001757486269599589, "y": 0.3564556197921699, "z": 1.4624757550292158}
{"w": -0.004203086732777963, "i": 0.0037857084843772584, "j": 0.7077814235390198, "k": 0.7064088468912794, "x": 0.0017526438560075963, "y": 0.35645555185385686, "z": 1.4624757478543358}
{"w": -0.004175574886223801, "i": 0.0037581396058866128, "j": 0.7077815489016241, "k": 0.7064090316491506, "x": 0.0017519935079458582, "y": 0.35645550635959605, "z": 1.4624757392898162}
{"w": -0.004148062990512215, "i": 0.003730570682199486, "j": 0.7077816731903908, "k": 0.706409215336, "x": 0.0017513430783773814, "y": 0.3564554608647637, "z": 1.4624757306789806}
{"w": -0.004097270946816905, "i": 0.003679674828044205, "j": 0.7077819281240294, "k": 0.7064095232830457, "x": 0.001754884557805874, "y": 0.3564554378138275, "z": 1.4624757207791146}
{"w": -0.004054947998727664, "i": 0.003637257840598724, "j": 0.7077821344384709, "k": 0.7064097804545543, "x": 0.0017661593504181008, "y": 0.356455414155901, "z": 1.4624756996480197}
{"w": -0.003980875080519929, "i": 0.003563035896783627, "j": 0.7077825004717313, "k": 0.7064102132860025, "x": 0.001769700829668224, "y": 0.3564553911048822, "z": 1.4624756896844897}
{"w": -0.003930086323784256, "i": 0.003512136667549163, "j": 0.7077827419371406, "k": 0.7064105106334839, "x": 0.0017809757033552015, "y": 0.3564553674472769, "z": 1.462475668400926}
{"w": -0.0038538957055648626, "i": 0.003440025806194174, "j": 0.707783113356401, "k": 0.7064109131078481, "x": 0.0017974154209174195, "y": 0.35645536711622283, "z": 1.4624756364038392}
{"w": -0.003807339762430622, "i": 0.0033933676240228737, "j": 0.7077833256674606, "k": 0.7064111785123531, "x": 0.0018086902126031176, "y": 0.3564553434580676, "z": 1.4624756148693487}
{"w": -0.0037438489065902063, "i": 0.0033297483273384957, "j": 0.7077836163239387, "k": 0.7064115293756531, "x": 0.0018122316914323245, "y": 0.35645532040691297, "z": 1.4624756047572713}
{"w": -0.0037142278621383374, "i": 0.003300051262565955, "j": 0.7077837410618318, "k": 0.7064117001165615, "x": 0.001831239870344374, "y": 0.356455296141542, "z": 1.4624755714702493}
{"w": -0.003676134347769712, "i": 0.0032618786471720405, "j": 0.7077839065147196, "k": 0.7064119109009357, "x": 0.0018347812738080333, "y": 0.356455273090303, "z": 1.462475561273401}
{"w": -0.003663444914310899, "i": 0.0032491460847513657, "j": 0.7077839507309178, "k": 0.7064119911983473, "x": 0.0018537895270746133, "y": 0.35645524882473745, "z": 1.4624755276311423}
{"w": -0.0036465158660452064, "i": 0.0032321790455190004, "j": 0.7077840169181611, "k": 0.7064120903097917, "x": 0.0018573309302929684, "y": 0.35645522577340816, "z": 1.4624755173494102}
{"w": -0.003642284729895777, "i": 0.0032321669061272005, "j": 0.7077840145479297, "k": 0.7064121145687223, "x": 0.0018740190976634075, "y": 0.35645518120166275, "z": 1.4624754664040842}
{"w": -0.0036359371916799606, "i": 0.0032258035020847403, "j": 0.7077840219945944, "k": 0.7064121688940955, "x": 0.001873368666943434, "y": 0.3564551357059526, "z": 1.4624754575482686}
{"w": -0.0036359423725410354, "i": 0.0032257984703293295, "j": 0.707783999021214, "k": 0.7064121919084007, "x": 0.0018804516636645426, "y": 0.3564550896031168, "z": 1.462475436751127}
{"w": -0.00363594751196827, "i": 0.003225793397691492, "j": 0.7077839760478752, "k": 0.7064122149230625, "x": 0.0018875345442937886, "y": 0.3564550434999192, "z": 1.4624754158692308}
{"w": -0.003631718239409833, "i": 0.003221548837170369, "j": 0.7077839522123602, "k": 0.706412279930333, "x": 0.001886233647741926, "y": 0.3564549525077798, "z": 1.462475397848906}
{"w": -0.003627481908807596, "i": 0.0032215418661196036, "j": 0.7077839508400037, "k": 0.706412303103734, "x": 0.0018865561985344005, "y": 0.35645490788305534, "z": 1.462475379491433}
{"w": -0.0036232526558924545, "i": 0.003217297327011739, "j": 0.7077839269533981, "k": 0.706412368085758, "x": 0.0018852553767900238, "y": 0.35645481689013014, "z": 1.4624753612046086}
{"w": -0.0036190233817046265, "i": 0.003213052767772972, "j": 0.7077839030413626, "k": 0.7064124330426311, "x": 0.0018839544796395672, "y": 0.35645472589666904, "z": 1.4624753427325372}
{"w": -0.0036105571253478037, "i": 0.0032045712561485193, "j": 0.7077838896014086, "k": 0.7064125283579068, "x": 0.0018707283655273188, "y": 0.3564546130650519, "z": 1.4624753372236348}
{"w": -0.003606325291456167, "i": 0.003200329242994088, "j": 0.7077838770997729, "k": 0.7064125817312732, "x": 0.0018658860658163148, "y": 0.3564545451227339, "z": 1.4624753289865253}
{"w": -0.00359785708407341, "i": 0.0031960802403277902, "j": 0.7077838630224033, "k": 0.7064126582533643, "x": 0.0018613662434312176, "y": 0.35645443254810805, "z": 1.462475301855584}
{"w": -0.003589388236660282, "i": 0.0031876012431956294, "j": 0.7077838608150927, "k": 0.7064127418585278, "x": 0.001844598648796698, "y": 0.35645434276667476, "z": 1.4624753060870694}
{"w": -0.0035830417626612552, "i": 0.0031812369516627686, "j": 0.7077838361188401, "k": 0.7064128275109985, "x": 0.001839105882650609, "y": 0.35645422932496107, "z": 1.4624752875632576}
{"w": -0.0035788065849923336, "i": 0.003172757147569072, "j": 0.7077838438483619, "k": 0.7064128793720765, "x": 0.0018243942824200312, "y": 0.35645417292638604, "z": 1.462475290247054}
{"w": -0.003570337736267033, "i": 0.003164278149577799, "j": 0.7077838413614532, "k": 0.7064129627490332, "x": 0.0018076266881099225, "y": 0.3564540830426912, "z": 1.4624752934737903}
{"w": -0.003568220518863865, "i": 0.0031621583948610913, "j": 0.7077838407238412, "k": 0.7064129835774703, "x": 0.0018034347793411372, "y": 0.35645406057161605, "z": 1.4624752942176795}
{"w": -0.0035639861045281534, "i": 0.003157918905933875, "j": 0.7077838394295634, "k": 0.7064130252151193, "x": 0.0017950510025114743, "y": 0.3564540156295676, "z": 1.4624752956300948}
{"w": -0.003561870383285848, "i": 0.0031557976716636293, "j": 0.7077838369767954, "k": 0.7064130478231797, "x": 0.0017899602202738098, "y": 0.3564539918920125, "z": 1.4624753052993371}
{"w": -0.0035639853462196983, "i": 0.003157919717308431, "j": 0.7077838293147362, "k": 0.7064130353497732, "x": 0.001790859093730616, "y": 0.35645399315837606, "z": 1.4624752962986278}
{"w": -0.003561870383285848, "i": 0.0031557976716636293, "j": 0.7077838369767954, "k": 0.7064130478231797, "x": 0.0017899602202738098, "y": 0.3564539918920125, "z": 1.4624753052993371}
{"w": -0.0035597505980777466, "i": 0.0031536804509068594, "j": 0.7077838478009162, "k": 0.7064130571184422, "x": 0.001782226871831799, "y": 0.3564539924526858, "z": 1.4624753166648155}
{"w": -0.0035597505980777466, "i": 0.0031536804509068594, "j": 0.7077838478009162, "k": 0.7064130571184422, "x": 0.001782226871831799, "y": 0.3564539924526858, "z": 1.4624753166648155}
{"w": -0.0035597505980777466, "i": 0.0031536804509068594, "j": 0.7077838478009162, "k": 0.7064130571184422, "x": 0.001782226871831799, "y": 0.3564539924526858, "z": 1.4624753166648155}
{"w": -0.0035597505980777466, "i": 0.0031536804509068594, "j": 0.7077838478009162, "k": 0.7064130571184422, "x": 0.001782226871831799, "y": 0.3564539924526858, "z": 1.4624753166648155}
{"w": -0.0035597513563754932, "i": 0.003153679639543138, "j": 0.7077838579157343, "k": 0.706413046983797, "x": 0.0017864187806704431, "y": 0.35645401492389506, "z": 1.462475316026787}
{"w": -0.003561867815569122, "i": 0.003155800205776863, "j": 0.7077838484639294, "k": 0.706413036315381, "x": 0.0017864187806704431, "y": 0.35645401492389506, "z": 1.462475316026787}
{"w": -0.003557631576244954, "i": 0.003155803546142589, "j": 0.7077838498362505, "k": 0.7064130562726899, "x": 0.0017808213455471323, "y": 0.3564540048200736, "z": 1.4624753273710447}
{"w": -0.0035555151169915514, "i": 0.003153682979904752, "j": 0.7077838592880655, "k": 0.7064130669284139, "x": 0.0017808213455471323, "y": 0.3564540048200736, "z": 1.4624753273710447}
{"w": -0.0035555151169915514, "i": 0.003153682979904752, "j": 0.7077838592880655, "k": 0.7064130669284139, "x": 0.0017808213455471323, "y": 0.3564540048200736, "z": 1.4624753273710447}
{"w": -0.0035555151169915514, "i": 0.003153682979904752, "j": 0.7077838592880655, "k": 0.7064130669284139, "x": 0.0017808213455471323, "y": 0.3564540048200736, "z": 1.4624753273710447}
{"w": -0.0035576349022897417, "i": 0.0031558002006270573, "j": 0.7077838484639524, "k": 0.7064130576458459, "x": 0.0017885546940499119, "y": 0.35645400421306905, "z": 1.462475316026787}
{"w": -0.003559751361515324, "i": 0.0031579207668324554, "j": 0.7077838390057941, "k": 0.7064130469837709, "x": 0.0017885546940499119, "y": 0.35645400421306905, "z": 1.462475316026787}
{"w": -0.0035618685584703743, "i": 0.0031600405010847503, "j": 0.7077838396560966, "k": 0.7064130261809144, "x": 0.0017927465622991558, "y": 0.35645402665890313, "z": 1.462475315363646}
{"w": -0.0035618685584703743, "i": 0.0031600405010847503, "j": 0.7077838396560966, "k": 0.7064130261809144, "x": 0.0017927465622991558, "y": 0.35645402665890313, "z": 1.462475315363646}
{"w": -0.0035639857759601425, "i": 0.003162160255900018, "j": 0.7077838403000523, "k": 0.7064130053715146, "x": 0.0017969384712648421, "y": 0.3564540491049164, "z": 1.46247531467538}
{"w": -0.0035639857759601425, "i": 0.003162160255900018, "j": 0.7077838403000523, "k": 0.7064130053715146, "x": 0.0017969384712648421, "y": 0.3564540491049164, "z": 1.46247531467538}
{"w": -0.003568219447284651, "i": 0.0031621594496254917, "j": 0.7077838504148425, "k": 0.7064129738683539, "x": 0.001798994466443347, "y": 0.3564540823370719, "z": 1.4624753139619955}
{"w": -0.0035724541952082416, "i": 0.0031663987157618794, "j": 0.7077838318778944, "k": 0.7064129520488998, "x": 0.0018076266881099225, "y": 0.3564540830426912, "z": 1.4624752934737903}
{"w": -0.0035724541952082416, "i": 0.0031663987157618794, "j": 0.7077838318778944, "k": 0.7064129520488998, "x": 0.0018076266881099225, "y": 0.3564540830426912, "z": 1.4624752934737903}
{"w": -0.0035724549536381507, "i": 0.0031663979042661048, "j": 0.7077838419927118, "k": 0.706412941914255, "x": 0.0018118185968743843, "y": 0.35645410551372764, "z": 1.4624752927047822}
{"w": -0.0035724549536381507, "i": 0.0031663979042661048, "j": 0.7077838419927118, "k": 0.706412941914255, "x": 0.0018118185968743843, "y": 0.35645410551372764, "z": 1.4624752927047822}
{"w": -0.0035724549536381507, "i": 0.0031663979042661048, "j": 0.7077838419927118, "k": 0.706412941914255, "x": 0.0018118185968743843, "y": 0.35645410551372764, "z": 1.4624752927047822}
{"w": -0.0035745747491275296, "i": 0.0031685151349583256, "j": 0.7077838311304614, "k": 0.7064129325808592, "x": 0.001819551982733671, "y": 0.3564541049529871, "z": 1.462475281161931}
{"w": -0.0035745747491275296, "i": 0.0031685151349583256, "j": 0.7077838311304614, "k": 0.7064129325808592, "x": 0.001819551982733671, "y": 0.3564541049529871, "z": 1.462475281161931}
{"w": -0.0035745747491275296, "i": 0.0031685151349583256, "j": 0.7077838311304614, "k": 0.7064129325808592, "x": 0.001819551982733671, "y": 0.3564541049529871, "z": 1.462475281161931}
{"w": -0.0035724549536381507, "i": 0.0031663979042661048, "j": 0.7077838419927118, "k": 0.706412941914255, "x": 0.0018118185968743843, "y": 0.35645410551372764, "z": 1.4624752927047822}
{"w": -0.0035745747491275296, "i": 0.0031685151349583256, "j": 0.7077838311304614, "k": 0.7064129325808592, "x": 0.001819551982733671, "y": 0.3564541049529871, "z": 1.462475281161931}
{"w": -0.0035724549536381507, "i": 0.0031663979042661048, "j": 0.7077838419927118, "k": 0.706412941914255, "x": 0.0018118185968743843, "y": 0.35645410551372764, "z": 1.4624752927047822}
{"w": -0.003572449698160586, "i": 0.0031706337608108717, "j": 0.707783842880186, "k": 0.7064129220522976, "x": 0.0018127915395668036, "y": 0.3564541063796526, "z": 1.4624752835786532}
{"w": -0.003574571412516927, "i": 0.0031685184704520657, "j": 0.7077838325028022, "k": 0.7064129312077781, "x": 0.0018118185968743843, "y": 0.35645410551372764, "z": 1.4624752927047822}
{"w": -0.003574571412516927, "i": 0.0031685184704520657, "j": 0.7077838325028022, "k": 0.7064129312077781, "x": 0.0018118185968743843, "y": 0.35645410551372764, "z": 1.4624752927047822}
{"w": -0.003574571412516927, "i": 0.0031685184704520657, "j": 0.7077838325028022, "k": 0.7064129312077781, "x": 0.0018118185968743843, "y": 0.35645410551372764, "z": 1.4624752927047822}
{"w": -0.003574571412516927, "i": 0.0031685184704520657, "j": 0.7077838325028022, "k": 0.7064129312077781, "x": 0.0018118185968743843, "y": 0.35645410551372764, "z": 1.4624752927047822}
{"w": -0.003570336664648023, "i": 0.0031642792043820697, "j": 0.7077838510524423, "k": 0.7064129530399288, "x": 0.0018031863752663259, "y": 0.3564541048081261, "z": 1.4624753132234918}
{"w": -0.003570336664648023, "i": 0.0031642792043820697, "j": 0.7077838510524423, "k": 0.7064129530399288, "x": 0.0018031863752663259, "y": 0.3564541048081261, "z": 1.4624753132234918}
{"w": -0.003570336664648023, "i": 0.0031642792043820697, "j": 0.7077838510524423, "k": 0.7064129530399288, "x": 0.0018031863752663259, "y": 0.3564541048081261, "z": 1.4624753132234918}
{"w": -0.003570336664648023, "i": 0.0031642792043820697, "j": 0.7077838510524423, "k": 0.7064129530399288, "x": 0.0018031863752663259, "y": 0.3564541048081261, "z": 1.4624753132234918}
{"w": -0.003568216879395778, "i": 0.0031621619839110465, "j": 0.707783861901938, "k": 0.7064129623605927, "x": 0.001795453026776348, "y": 0.35645410536882816, "z": 1.4624753246682227}
{"w": -0.003568216879395778, "i": 0.0031621619839110465, "j": 0.707783861901938, "k": 0.7064129623605927, "x": 0.001795453026776348, "y": 0.35645410536882816, "z": 1.4624753246682227}
{"w": -0.003566100425563525, "i": 0.0031642825450068713, "j": 0.7077838524247423, "k": 0.706412973048005, "x": 0.0017975889406976107, "y": 0.356454094603868, "z": 1.4624753246682227}
{"w": -0.003566100425563525, "i": 0.0031642825450068713, "j": 0.7077838524247423, "k": 0.706412973048005, "x": 0.0017975889406976107, "y": 0.356454094603868, "z": 1.4624753246682227}
{"w": -0.003570336664648023, "i": 0.0031642792043820697, "j": 0.7077838510524423, "k": 0.7064129530399288, "x": 0.0018031863752663259, "y": 0.3564541048081261, "z": 1.4624753132234918}
{"w": -0.003570336664648023, "i": 0.0031642792043820697, "j": 0.7077838510524423, "k": 0.7064129530399288, "x": 0.0018031863752663259, "y": 0.3564541048081261, "z": 1.4624753132234918}
{"w": -0.003566100420423695, "i": 0.0031600414176370314, "j": 0.7077838713728032, "k": 0.7064129730480311, "x": 0.001795453026776348, "y": 0.35645410536882816, "z": 1.4624753246682227}
{"w": -0.0035660951649543406, "i": 0.0031642772743601605, "j": 0.707783872260273, "k": 0.7064129532241462, "x": 0.0017964259696326465, "y": 0.3564541062347728, "z": 1.4624753155595838}
{"w": -0.0035660951649543406, "i": 0.0031642772743601605, "j": 0.707783872260273, "k": 0.7064129532241462, "x": 0.0017964259696326465, "y": 0.3564541062347728, "z": 1.4624753155595838}
{"w": -0.0035703321469998566, "i": 0.003168514228879677, "j": 0.707783862054719, "k": 0.7064129230562309, "x": 0.0018083511861118095, "y": 0.35645412814485644, "z": 1.462475303339578}
{"w": -0.0035703321469998566, "i": 0.003168514228879677, "j": 0.707783862054719, "k": 0.7064129230562309, "x": 0.0018083511861118095, "y": 0.35645412814485644, "z": 1.462475303339578}
{"w": -0.0035703321469998566, "i": 0.003168514228879677, "j": 0.707783862054719, "k": 0.7064129230562309, "x": 0.0018083511861118095, "y": 0.35645412814485644, "z": 1.462475303339578}
{"w": -0.0035703321469998566, "i": 0.003168514228879677, "j": 0.707783862054719, "k": 0.7064129230562309, "x": 0.0018083511861118095, "y": 0.35645412814485644, "z": 1.462475303339578}
{"w": -0.003570332905504379, "i": 0.003168513417241577, "j": 0.7077838721822068, "k": 0.7064129129088955, "x": 0.0018125430948713935, "y": 0.35645415061582386, "z": 1.4624753025450072}
{"w": -0.00357456432687547, "i": 0.0031727560291397324, "j": 0.7077838549921535, "k": 0.7064128896909366, "x": 0.0018134419679494153, "y": 0.3564541518821138, "z": 1.4624752935061511}
{"w": -0.0035766841121093462, "i": 0.0031748732493916093, "j": 0.7077838441236292, "k": 0.7064128803385391, "x": 0.0018211753162524454, "y": 0.35645415132137237, "z": 1.4624752819536293}
{"w": -0.003572451199764333, "i": 0.0031748732442418047, "j": 0.7077838441236523, "k": 0.7064129017577853, "x": 0.0018233112304486014, "y": 0.3564541404022813, "z": 1.4624752819536293}
{"w": -0.003574568417098905, "i": 0.0031769929987851015, "j": 0.7077838447358468, "k": 0.7064128809039797, "x": 0.0018275031392789942, "y": 0.35645416284807363, "z": 1.4624752811034352}
{"w": -0.003574568417098905, "i": 0.0031769929987851015, "j": 0.7077838447358468, "k": 0.7064128809039797, "x": 0.0018275031392789942, "y": 0.35645416284807363, "z": 1.4624752811034352}
{"w": -0.003574568417098905, "i": 0.0031769929987851015, "j": 0.7077838447358468, "k": 0.7064128809039797, "x": 0.0018275031392789942, "y": 0.35645416284807363, "z": 1.4624752811034352}
{"w": -0.003576684870655051, "i": 0.003174872437712256, "j": 0.7077838542511236, "k": 0.7064128701911969, "x": 0.0018253672249482654, "y": 0.35645417379228317, "z": 1.4624752811034352}
{"w": -0.003576684870655051, "i": 0.003174872437712256, "j": 0.7077838542511236, "k": 0.7064128701911969, "x": 0.0018253672249482654, "y": 0.35645417379228317, "z": 1.4624752811034352}
{"w": -0.003576684870655051, "i": 0.003174872437712256, "j": 0.7077838542511236, "k": 0.7064128701911969, "x": 0.0018253672249482654, "y": 0.35645417379228317, "z": 1.4624752811034352}
{"w": -0.0035745650853908216, "i": 0.003172755217490769, "j": 0.7077838651196503, "k": 0.706412879543592, "x": 0.0018176338766502055, "y": 0.3564541743530337, "z": 1.4624752926810758}
{"w": -0.0035745650853908216, "i": 0.003172755217490769, "j": 0.7077838651196503, "k": 0.706412879543592, "x": 0.0018176338766502055, "y": 0.3564541743530337, "z": 1.4624752926810758}
{"w": -0.0035745650853908216, "i": 0.003172755217490769, "j": 0.7077838651196503, "k": 0.706412879543592, "x": 0.0018176338766502055, "y": 0.3564541743530337, "z": 1.4624752926810758}
{"w": -0.0035745650853908216, "i": 0.003172755217490769, "j": 0.7077838651196503, "k": 0.706412879543592, "x": 0.0018176338766502055, "y": 0.3564541743530337, "z": 1.4624752926810758}
{"w": -0.0035745665815606, "i": 0.0031727537381278205, "j": 0.7077838633108454, "k": 0.7064128813549807, "x": 0.001816735003626349, "y": 0.3564541730867524, "z": 1.462475301725318}
{"w": -0.0035724501279710157, "i": 0.00317487429922782, "j": 0.7077838538019163, "k": 0.706412892061417, "x": 0.001818870917953003, "y": 0.3564541621942682, "z": 1.462475301725318}
{"w": -0.0035724501279710157, "i": 0.00317487429922782, "j": 0.7077838538019163, "k": 0.706412892061417, "x": 0.001818870917953003, "y": 0.3564541621942682, "z": 1.462475301725318}
{"w": -0.0035724501279710157, "i": 0.00317487429922782, "j": 0.7077838538019163, "k": 0.706412892061417, "x": 0.001818870917953003, "y": 0.3564541621942682, "z": 1.462475301725318}
{"w": -0.003568216451820277, "i": 0.0031706339783681746, "j": 0.7077838626859819, "k": 0.7064129236026474, "x": 0.001814679009063474, "y": 0.35645413974845797, "z": 1.4624753025450072}
{"w": -0.003570332905504379, "i": 0.003168513417241577, "j": 0.7077838721822068, "k": 0.7064129129088955, "x": 0.0018125430948713935, "y": 0.35645415061582386, "z": 1.4624753025450072}
{"w": -0.003570332905504379, "i": 0.003168513417241577, "j": 0.7077838721822068, "k": 0.7064129129088955, "x": 0.0018125430948713935, "y": 0.35645415061582386, "z": 1.4624753025450072}
{"w": -0.0035724501228311858, "i": 0.003170633171849537, "j": 0.7077838728134442, "k": 0.7064128920614432, "x": 0.001816735003626349, "y": 0.3564541730867524, "z": 1.462475301725318}
{"w": -0.0035724501228311858, "i": 0.003170633171849537, "j": 0.7077838728134442, "k": 0.7064128920614432, "x": 0.001816735003626349, "y": 0.3564541730867524, "z": 1.462475301725318}
{"w": -0.003570328408408097, "i": 0.0031727484620278083, "j": 0.7077838831971583, "k": 0.7064128828869167, "x": 0.0018177079462693836, "y": 0.356454173946837, "z": 1.4624752925933737}
{"w": -0.0035745650853908216, "i": 0.003172755217490769, "j": 0.7077838651196503, "k": 0.706412879543592, "x": 0.0018176338766502055, "y": 0.3564541743530337, "z": 1.4624752926810758}
{"w": -0.0035745650853908216, "i": 0.003172755217490769, "j": 0.7077838651196503, "k": 0.706412879543592, "x": 0.0018176338766502055, "y": 0.3564541743530337, "z": 1.4624752926810758}
{"w": -0.0035745650853908216, "i": 0.003172755217490769, "j": 0.7077838651196503, "k": 0.706412879543592, "x": 0.0018176338766502055, "y": 0.3564541743530337, "z": 1.4624752926810758}
{"w": -0.003572448631806665, "i": 0.0031748757785961877, "j": 0.7077838556107168, "k": 0.7064128902500237, "x": 0.0018197697909844315, "y": 0.35645416345516334, "z": 1.4624752926810758}
{"w": -0.003572448631806665, "i": 0.0031748757785961877, "j": 0.7077838556107168, "k": 0.7064128902500237, "x": 0.0018197697909844315, "y": 0.35645416345516334, "z": 1.4624752926810758}
{"w": -0.003572448631806665, "i": 0.0031748757785961877, "j": 0.7077838556107168, "k": 0.7064128902500237, "x": 0.0018197697909844315, "y": 0.35645416345516334, "z": 1.4624752926810758}
{"w": -0.003576682287201617, "i": 0.003179116078811164, "j": 0.7077838467012368, "k": 0.7064128586836274, "x": 0.0018239616590946999, "y": 0.3564541859007081, "z": 1.4624752918308894}
{"w": -0.003576682282061787, "i": 0.0031748749514753523, "j": 0.7077838657381821, "k": 0.7064128586836536, "x": 0.001821825744625902, "y": 0.35645419682369667, "z": 1.4624752918308894}
{"w": -0.003578798740691179, "i": 0.0031769955177324196, "j": 0.7077838562228747, "k": 0.7064128479645113, "x": 0.001821825744625902, "y": 0.35645419682369667, "z": 1.4624752918308894}
{"w": -0.003576683778226162, "i": 0.003174873472117846, "j": 0.7077838639293728, "k": 0.7064128604950468, "x": 0.001820926871656243, "y": 0.35645419555742397, "z": 1.4624753008805178}
{"w": -0.003574567319559236, "i": 0.0031727529058376996, "j": 0.7077838734383225, "k": 0.7064128712078523, "x": 0.001820926871656243, "y": 0.35645419555742397, "z": 1.4624753008805178}
{"w": -0.003576684536821889, "i": 0.003174872660388718, "j": 0.7077838740568533, "k": 0.7064128503477181, "x": 0.0018251187804014899, "y": 0.35645421802827504, "z": 1.4624753000105908}
{"w": -0.003578799499267336, "i": 0.0031769947060227726, "j": 0.7077838663503664, "k": 0.7064128378171715, "x": 0.0018260176533169193, "y": 0.35645421929453913, "z": 1.4624752909555763}
{"w": -0.003576684536821889, "i": 0.003174872660388718, "j": 0.7077838740568533, "k": 0.7064128503477181, "x": 0.0018251187804014899, "y": 0.35645421802827504, "z": 1.4624753000105908}
{"w": -0.003578799499267336, "i": 0.0031769947060227726, "j": 0.7077838663503664, "k": 0.7064128378171715, "x": 0.0018260176533169193, "y": 0.35645421929453913, "z": 1.4624752909555763}
{"w": -0.003578799499267336, "i": 0.0031769947060227726, "j": 0.7077838663503664, "k": 0.7064128378171715, "x": 0.0018260176533169193, "y": 0.35645421929453913, "z": 1.4624752909555763}
{"w": -0.003580916716440761, "i": 0.003179114460541674, "j": 0.7077838669561974, "k": 0.7064128169443481, "x": 0.0018302095620028234, "y": 0.3564542417653428, "z": 1.4624752900551445}
{"w": -0.003578799499267336, "i": 0.0031769947060227726, "j": 0.7077838663503664, "k": 0.7064128378171715, "x": 0.0018260176533169193, "y": 0.35645421929453913, "z": 1.4624752909555763}
{"w": -0.003576678548662384, "i": 0.003183350311640786, "j": 0.7077838678309679, "k": 0.7064128184635302, "x": 0.0018333184191698187, "y": 0.3564542316463286, "z": 1.4624752808998804}
{"w": -0.003578795002031446, "i": 0.003181229750498716, "j": 0.7077838773652917, "k": 0.7064128077444253, "x": 0.0018311825044267402, "y": 0.356454242625384, "z": 1.4624752808998804}
{"w": -0.003578795002031446, "i": 0.003181229750498716, "j": 0.7077838773652917, "k": 0.7064128077444253, "x": 0.0018311825044267402, "y": 0.356454242625384, "z": 1.4624752808998804}
{"w": -0.003578795002031446, "i": 0.003181229750498716, "j": 0.7077838773652917, "k": 0.7064128077444253, "x": 0.0018311825044267402, "y": 0.356454242625384, "z": 1.4624752808998804}
{"w": -0.003578796498135325, "i": 0.0031812282712198486, "j": 0.707783875543796, "k": 0.7064128095685386, "x": 0.001830283631620402, "y": 0.35645424135914394, "z": 1.462475289966111}
{"w": -0.0035788017540524363, "i": 0.003176992414911238, "j": 0.7077838746690308, "k": 0.7064128294812426, "x": 0.0018293106891416572, "y": 0.35645424049908725, "z": 1.4624752991155452}
{"w": -0.003576684536821889, "i": 0.003174872660388718, "j": 0.7077838740568533, "k": 0.7064128503477181, "x": 0.0018251187804014899, "y": 0.35645421802827504, "z": 1.4624753000105908}
{"w": -0.003578800995426307, "i": 0.0031769932266707086, "j": 0.7077838645415526, "k": 0.7064128396285692, "x": 0.0018251187804014899, "y": 0.35645421802827504, "z": 1.4624753000105908}
{"w": -0.003578800995426307, "i": 0.0031769932266707086, "j": 0.7077838645415526, "k": 0.7064128396285692, "x": 0.0018251187804014899, "y": 0.35645421802827504, "z": 1.4624753000105908}
{"w": -0.003576679280970097, "i": 0.0031791085167570485, "j": 0.7077838749316226, "k": 0.7064128304477048, "x": 0.0018260917229350332, "y": 0.35645421888834095, "z": 1.4624752908669867}
{"w": -0.0035745628223931955, "i": 0.0031769879504439202, "j": 0.7077838844532608, "k": 0.706412841160497, "x": 0.0018260917229350332, "y": 0.35645421888834095, "z": 1.4624752908669867}
{"w": -0.0035766812101307474, "i": 0.003174876006541225, "j": 0.7077838754164216, "k": 0.7064128489873157, "x": 0.0018173854319900446, "y": 0.35645421858902493, "z": 1.4624753115867428}
{"w": -0.0035766744580955708, "i": 0.0031791133422670263, "j": 0.7077838780999712, "k": 0.7064128272759093, "x": 0.0018192572474932684, "y": 0.3564542207153436, "z": 1.4624752933935106}
{"w": -0.003576676712805856, "i": 0.0031791110511803955, "j": 0.707783886418656, "k": 0.7064128189399738, "x": 0.0018225502832690003, "y": 0.35645424191990505, "z": 1.4624753015732113}
{"w": -0.003578796498135325, "i": 0.0031812282712198486, "j": 0.707783875543796, "k": 0.7064128095685386, "x": 0.001830283631620402, "y": 0.35645424135914394, "z": 1.462475289966111}
{"w": -0.003578796498135325, "i": 0.0031812282712198486, "j": 0.707783875543796, "k": 0.7064128095685386, "x": 0.001830283631620402, "y": 0.35645424135914394, "z": 1.462475289966111}
{"w": -0.003578796498135325, "i": 0.0031812282712198486, "j": 0.707783875543796, "k": 0.7064128095685386, "x": 0.001830283631620402, "y": 0.35645424135914394, "z": 1.462475289966111}
{"w": -0.003578796498135325, "i": 0.0031812282712198486, "j": 0.707783875543796, "k": 0.7064128095685386, "x": 0.001830283631620402, "y": 0.35645424135914394, "z": 1.462475289966111}
{"w": -0.0035766800396209684, "i": 0.003179107704904876, "j": 0.707783885071785, "k": 0.7064128202876742, "x": 0.001830283631620402, "y": 0.35645424135914394, "z": 1.462475289966111}
{"w": -0.003578795002031446, "i": 0.003181229750498716, "j": 0.7077838773652917, "k": 0.7064128077444253, "x": 0.0018311825044267402, "y": 0.356454242625384, "z": 1.4624752808998804}
{"w": -0.00358091221916999, "i": 0.0031833495049274803, "j": 0.7077838779711162, "k": 0.7064127868589136, "x": 0.0018353744130525141, "y": 0.35645426509613964, "z": 1.4624752799685001}
{"w": -0.003583028677584173, "i": 0.00318547007122116, "j": 0.7077838684304184, "k": 0.7064127761270983, "x": 0.0018353744130525141, "y": 0.35645426509613964, "z": 1.4624752799685001}
{"w": -0.00358091221916999, "i": 0.0031833495049274803, "j": 0.7077838779711162, "k": 0.7064127868589136, "x": 0.0018353744130525141, "y": 0.35645426509613964, "z": 1.4624752799685001}
{"w": -0.00358091221916999, "i": 0.0031833495049274803, "j": 0.7077838779711162, "k": 0.7064127868589136, "x": 0.0018353744130525141, "y": 0.35645426509613964, "z": 1.4624752799685001}
{"w": -0.00358091221916999, "i": 0.0031833495049274803, "j": 0.7077838779711162, "k": 0.7064127868589136, "x": 0.0018353744130525141, "y": 0.35645426509613964, "z": 1.4624752799685001}
{"w": -0.003583028677584173, "i": 0.00318547007122116, "j": 0.7077838684304184, "k": 0.7064127761270983, "x": 0.0018353744130525141, "y": 0.35645426509613964, "z": 1.4624752799685001}
{"w": -0.003583028677584173, "i": 0.00318547007122116, "j": 0.7077838684304184, "k": 0.7064127761270983, "x": 0.0018353744130525141, "y": 0.35645426509613964, "z": 1.4624752799685001}
{"w": -0.003583029415709702, "i": 0.0031854692387363335, "j": 0.7077838785705816, "k": 0.7064127659672638, "x": 0.001839566280952558, "y": 0.3564542875666381, "z": 1.46247527901201}
{"w": -0.003583029415709702, "i": 0.0031854692387363335, "j": 0.7077838785705816, "k": 0.7064127659672638, "x": 0.001839566280952558, "y": 0.3564542875666381, "z": 1.46247527901201}
{"w": -0.0035851458740612835, "i": 0.0031875898050318006, "j": 0.7077838690235327, "k": 0.7064127552291053, "x": 0.001839566280952558, "y": 0.3564542875666381, "z": 1.46247527901201}
{"w": -0.0035851458740612835, "i": 0.0031875898050318006, "j": 0.7077838690235327, "k": 0.7064127552291053, "x": 0.001839566280952558, "y": 0.3564542875666381, "z": 1.46247527901201}
{"w": -0.0035851458740612835, "i": 0.0031875898050318006, "j": 0.7077838690235327, "k": 0.7064127552291053, "x": 0.001839566280952558, "y": 0.3564542875666381, "z": 1.46247527901201}
{"w": -0.0035851458740612835, "i": 0.0031875898050318006, "j": 0.7077838690235327, "k": 0.7064127552291053, "x": 0.001839566280952558, "y": 0.3564542875666381, "z": 1.46247527901201}
{"w": -0.0035851458740612835, "i": 0.0031875898050318006, "j": 0.7077838690235327, "k": 0.7064127552291053, "x": 0.001839566280952558, "y": 0.3564542875666381, "z": 1.46247527901201}
{"w": -0.0035851458740612835, "i": 0.0031875898050318006, "j": 0.7077838690235327, "k": 0.7064127552291053, "x": 0.001839566280952558, "y": 0.3564542875666381, "z": 1.46247527901201}
{"w": -0.0035851458740612835, "i": 0.0031875898050318006, "j": 0.7077838690235327, "k": 0.7064127552291053, "x": 0.001839566280952558, "y": 0.3564542875666381, "z": 1.46247527901201}
{"w": -0.0035851458740612835, "i": 0.0031875898050318006, "j": 0.7077838690235327, "k": 0.7064127552291053, "x": 0.001839566280952558, "y": 0.3564542875666381, "z": 1.46247527901201}
{"w": -0.003583029415709702, "i": 0.0031854692387363335, "j": 0.7077838785705816, "k": 0.7064127659672638, "x": 0.001839566280952558, "y": 0.3564542875666381, "z": 1.46247527901201}
{"w": -0.003583029415709702, "i": 0.0031854692387363335, "j": 0.7077838785705816, "k": 0.7064127659672638, "x": 0.001839566280952558, "y": 0.3564542875666381, "z": 1.46247527901201}
{"w": -0.003583029420849533, "i": 0.0031897103661488475, "j": 0.707783859470154, "k": 0.7064127659672377, "x": 0.0018417021959647778, "y": 0.35645427653734624, "z": 1.46247527901201}
{"w": -0.003583029420849533, "i": 0.0031897103661488475, "j": 0.707783859470154, "k": 0.7064127659672377, "x": 0.0018417021959647778, "y": 0.35645427653734624, "z": 1.46247527901201}
{"w": -0.003583029420849533, "i": 0.0031897103661488475, "j": 0.707783859470154, "k": 0.7064127659672377, "x": 0.0018417021959647778, "y": 0.35645427653734624, "z": 1.46247527901201}
{"w": -0.0035809129624657897, "i": 0.0031875897998819946, "j": 0.707783869023556, "k": 0.7064127766990553, "x": 0.0018417021959647778, "y": 0.35645427653734624, "z": 1.46247527901201}
{"w": -0.0035809129624657897, "i": 0.0031875897998819946, "j": 0.707783869023556, "k": 0.7064127766990553, "x": 0.0018417021959647778, "y": 0.35645427653734624, "z": 1.46247527901201}
{"w": -0.003578798000131967, "i": 0.0031854677543186214, "j": 0.7077838767491001, "k": 0.7064127892486629, "x": 0.0018408033232595591, "y": 0.3564542752765095, "z": 1.4624752880890128}
{"w": -0.0035809129624657897, "i": 0.0031875897998819946, "j": 0.707783869023556, "k": 0.7064127766990553, "x": 0.0018417021959647778, "y": 0.35645427653734624, "z": 1.46247527901201}
{"w": -0.003578798000131967, "i": 0.0031854677543186214, "j": 0.7077838767491001, "k": 0.7064127892486629, "x": 0.0018408033232595591, "y": 0.3564542752765095, "z": 1.4624752880890128}
{"w": -0.003583030179602631, "i": 0.0031897095542553562, "j": 0.7077838696103229, "k": 0.7064127558072049, "x": 0.0018458941047140767, "y": 0.3564542989829058, "z": 1.4624752780303922}
{"w": -0.003585146632783942, "i": 0.0031875889931079287, "j": 0.7077838791636993, "k": 0.7064127450690701, "x": 0.001843758189567284, "y": 0.35645431003731615, "z": 1.4624752780303922}
{"w": -0.0035851518939924664, "i": 0.0031875942644519414, "j": 0.707783859188526, "k": 0.7064127650325266, "x": 0.0018449211624497327, "y": 0.3564542981287224, "z": 1.462475287203146}
{"w": -0.0035830369317380157, "i": 0.0031854722188556484, "j": 0.7077838669267565, "k": 0.7064127775821277, "x": 0.001844022289743975, "y": 0.3564542968678789, "z": 1.4624752962797047}
{"w": -0.003583030179602631, "i": 0.0031897095542553562, "j": 0.7077838696103229, "k": 0.7064127558072049, "x": 0.0018458941047140767, "y": 0.3564542989829058, "z": 1.4624752780303922}
{"w": -0.0035830316705448896, "i": 0.003185466947525114, "j": 0.707783886889232, "k": 0.7064127576313622, "x": 0.0018428593169240307, "y": 0.35645430877110185, "z": 1.462475287112781}
{"w": -0.003587263849825999, "i": 0.0031897087474509083, "j": 0.7077838797504638, "k": 0.7064127241645354, "x": 0.0018479500981762602, "y": 0.35645433250795533, "z": 1.4624752770236553}
{"w": -0.003587263849825999, "i": 0.0031897087474509083, "j": 0.7077838797504638, "k": 0.7064127241645354, "x": 0.0018479500981762602, "y": 0.35645433250795533, "z": 1.4624752770236553}
{"w": -0.003587263849825999, "i": 0.0031897087474509083, "j": 0.7077838797504638, "k": 0.7064127241645354, "x": 0.0018479500981762602, "y": 0.35645433250795533, "z": 1.4624752770236553}
{"w": -0.003587263849825999, "i": 0.0031897087474509083, "j": 0.7077838797504638, "k": 0.7064127241645354, "x": 0.0018479500981762602, "y": 0.35645433250795533, "z": 1.4624752770236553}
{"w": -0.003587263849825999, "i": 0.0031897087474509083, "j": 0.7077838797504638, "k": 0.7064127241645354, "x": 0.0018479500981762602, "y": 0.35645433250795533, "z": 1.4624752770236553}
{"w": -0.003587263849825999, "i": 0.0031897087474509083, "j": 0.7077838797504638, "k": 0.7064127241645354, "x": 0.0018479500981762602, "y": 0.35645433250795533, "z": 1.4624752770236553}
{"w": -0.0035872645932131185, "i": 0.0031939490423248313, "j": 0.7077838707647912, "k": 0.7064127140046839, "x": 0.001854277881474989, "y": 0.3564543438736907, "z": 1.46247527599181}
{"w": -0.003587266084144493, "i": 0.003189706435598555, "j": 0.7077838880690949, "k": 0.7064127158288502, "x": 0.0018512430935246865, "y": 0.3564543537121404, "z": 1.462475285084971}
{"w": -0.00358726534590811, "i": 0.003189707268193964, "j": 0.7077838779289503, "k": 0.7064127259886666, "x": 0.001847051225587433, "y": 0.3564543312417497, "z": 1.46247528611143}
{"w": -0.003589381046269168, "i": 0.0031918284811739248, "j": 0.7077838803308693, "k": 0.7064127032538627, "x": 0.0018521419660590553, "y": 0.35645435497833755, "z": 1.46247527599181}
{"w": -0.003587263849825999, "i": 0.0031897087474509083, "j": 0.7077838797504638, "k": 0.7064127241645354, "x": 0.0018479500981762602, "y": 0.35645433250795533, "z": 1.4624752770236553}
{"w": -0.003587259321508904, "i": 0.00319394378106815, "j": 0.7077838907653946, "k": 0.7064126940158169, "x": 0.0018531149129391677, "y": 0.3564543558325062, "z": 1.4624752668073664}
{"w": -0.003587258583267083, "i": 0.0031939446137370466, "j": 0.7077838806125543, "k": 0.7064127041883486, "x": 0.0018489230451113803, "y": 0.35645433336213334, "z": 1.4624752678450414}
{"w": -0.003587258583267083, "i": 0.0031939446137370466, "j": 0.7077838806125543, "k": 0.7064127041883486, "x": 0.0018489230451113803, "y": 0.35645433336213334, "z": 1.4624752678450414}
{"w": -0.003585144359362, "i": 0.00319182173552949, "j": 0.7077838984972803, "k": 0.7064127065971587, "x": 0.001852216040459802, "y": 0.35645435456632457, "z": 1.462475275906357}
{"w": -0.0035872608175356955, "i": 0.0031939423018846292, "j": 0.707783888931199, "k": 0.7064126958526636, "x": 0.001852216040459802, "y": 0.35645435456632457, "z": 1.462475275906357}
{"w": -0.003589382542345837, "i": 0.00319182700192246, "j": 0.7077838785093513, "k": 0.7064127050779982, "x": 0.0018512430935246865, "y": 0.3564543537121404, "z": 1.462475285084971}
{"w": -0.003589382542345837, "i": 0.00319182700192246, "j": 0.7077838785093513, "k": 0.7064127050779982, "x": 0.0018512430935246865, "y": 0.3564543537121404, "z": 1.462475285084971}
{"w": -0.003589382542345837, "i": 0.00319182700192246, "j": 0.7077838785093513, "k": 0.7064127050779982, "x": 0.0018512430935246865, "y": 0.3564543537121404, "z": 1.462475285084971}
{"w": -0.00358726534590811, "i": 0.003189707268193964, "j": 0.7077838779289503, "k": 0.7064127259886666, "x": 0.001847051225587433, "y": 0.3564543312417497, "z": 1.46247528611143}
{"w": -0.00358726534590811, "i": 0.003189707268193964, "j": 0.7077838779289503, "k": 0.7064127259886666, "x": 0.001847051225587433, "y": 0.3564543312417497, "z": 1.46247528611143}
{"w": -0.00358726534590811, "i": 0.003189707268193964, "j": 0.7077838779289503, "k": 0.7064127259886666, "x": 0.001847051225587433, "y": 0.3564543312417497, "z": 1.46247528611143}
{"w": -0.003585148887644126, "i": 0.003187586701871807, "j": 0.707783887482343, "k": 0.7064127367331751, "x": 0.001847051225587433, "y": 0.3564543312417497, "z": 1.46247528611143}
{"w": -0.003585148887644126, "i": 0.003187586701871807, "j": 0.707783887482343, "k": 0.7064127367331751, "x": 0.001847051225587433, "y": 0.3564543312417497, "z": 1.46247528611143}
{"w": -0.003585148887644126, "i": 0.003187586701871807, "j": 0.707783887482343, "k": 0.7064127367331751, "x": 0.001847051225587433, "y": 0.3564543312417497, "z": 1.46247528611143}
{"w": -0.003585148887644126, "i": 0.003187586701871807, "j": 0.707783887482343, "k": 0.7064127367331751, "x": 0.001847051225587433, "y": 0.3564543312417497, "z": 1.46247528611143}
{"w": -0.003585148887644126, "i": 0.003187586701871807, "j": 0.707783887482343, "k": 0.7064127367331751, "x": 0.001847051225587433, "y": 0.3564543312417497, "z": 1.46247528611143}
{"w": -0.003585148887644126, "i": 0.003187586701871807, "j": 0.707783887482343, "k": 0.7064127367331751, "x": 0.001847051225587433, "y": 0.3564543312417497, "z": 1.46247528611143}
{"w": -0.003589382542345837, "i": 0.00319182700192246, "j": 0.7077838785093513, "k": 0.7064127050779982, "x": 0.0018512430935246865, "y": 0.3564543537121404, "z": 1.462475285084971}
{"w": -0.003589382542345837, "i": 0.00319182700192246, "j": 0.7077838785093513, "k": 0.7064127050779982, "x": 0.0018512430935246865, "y": 0.3564543537121404, "z": 1.462475285084971}
{"w": -0.003589382542345837, "i": 0.00319182700192246, "j": 0.7077838785093513, "k": 0.7064127050779982, "x": 0.0018512430935246865, "y": 0.3564543537121404, "z": 1.462475285084971}
{"w": -0.003589382542345837, "i": 0.00319182700192246, "j": 0.7077838785093513, "k": 0.7064127050779982, "x": 0.0018512430935246865, "y": 0.3564543537121404, "z": 1.462475285084971}
{"w": -0.003587266084144493, "i": 0.003189706435598555, "j": 0.7077838880690949, "k": 0.7064127158288502, "x": 0.0018512430935246865, "y": 0.3564543537121404, "z": 1.462475285084971}
{"w": -0.003587266084144493, "i": 0.003189706435598555, "j": 0.7077838880690949, "k": 0.7064127158288502, "x": 0.0018512430935246865, "y": 0.3564543537121404, "z": 1.462475285084971}
{"w": -0.003585144359362, "i": 0.00319182173552949, "j": 0.7077838984972803, "k": 0.7064127065971587, "x": 0.001852216040459802, "y": 0.35645435456632457, "z": 1.462475275906357}
{"w": -0.0035872615763941755, "i": 0.0031939414897572418, "j": 0.7077838990840313, "k": 0.7064126856799424, "x": 0.0018564079490563116, "y": 0.35645437703688554, "z": 1.4624752748489396}
{"w": -0.003589378034505191, "i": 0.0031960620561141302, "j": 0.7077838895115992, "k": 0.706412674929104, "x": 0.0018564079490563116, "y": 0.35645437703688554, "z": 1.4624752748489396}
{"w": -0.003589378034505191, "i": 0.0031960620561141302, "j": 0.7077838895115992, "k": 0.706412674929104, "x": 0.0018564079490563116, "y": 0.35645437703688554, "z": 1.4624752748489396}
{"w": -0.0035914997593180314, "i": 0.0031939467562136395, "j": 0.7077838790834047, "k": 0.7064126841607861, "x": 0.0018554350021762042, "y": 0.35645437618271075, "z": 1.4624752840333832}
{"w": -0.0035914997593180314, "i": 0.0031939467562136395, "j": 0.7077838790834047, "k": 0.7064126841607861, "x": 0.0018554350021762042, "y": 0.35645437618271075, "z": 1.4624752840333832}
{"w": -0.0035914997593180314, "i": 0.0031939467562136395, "j": 0.7077838790834047, "k": 0.7064126841607861, "x": 0.0018554350021762042, "y": 0.35645437618271075, "z": 1.4624752840333832}
{"w": -0.0035914997593180314, "i": 0.0031939467562136395, "j": 0.7077838790834047, "k": 0.7064126841607861, "x": 0.0018554350021762042, "y": 0.35645437618271075, "z": 1.4624752840333832}
{"w": -0.0035914997593180314, "i": 0.0031939467562136395, "j": 0.7077838790834047, "k": 0.7064126841607861, "x": 0.0018554350021762042, "y": 0.35645437618271075, "z": 1.4624752840333832}
{"w": -0.0035914997593180314, "i": 0.0031939467562136395, "j": 0.7077838790834047, "k": 0.7064126841607861, "x": 0.0018554350021762042, "y": 0.35645437618271075, "z": 1.4624752840333832}
{"w": -0.003589383301179347, "i": 0.003191826189888005, "j": 0.7077838886494991, "k": 0.7064126949179814, "x": 0.0018554350021762042, "y": 0.35645437618271075, "z": 1.4624752840333832}
{"w": -0.003589383301179347, "i": 0.003191826189888005, "j": 0.7077838886494991, "k": 0.7064126949179814, "x": 0.0018554350021762042, "y": 0.35645437618271075, "z": 1.4624752840333832}
{"w": -0.003589383301179347, "i": 0.003191826189888005, "j": 0.7077838886494991, "k": 0.7064126949179814, "x": 0.0018554350021762042, "y": 0.35645437618271075, "z": 1.4624752840333832}
{"w": -0.003589383301179347, "i": 0.003191826189888005, "j": 0.7077838886494991, "k": 0.7064126949179814, "x": 0.0018554350021762042, "y": 0.35645437618271075, "z": 1.4624752840333832}
{"w": -0.0035893833063191764, "i": 0.0031960673173607977, "j": 0.70778386951098, "k": 0.7064126949179549, "x": 0.0018575709177191375, "y": 0.3564543650583316, "z": 1.4624752840333832}
{"w": -0.0035893833063191764, "i": 0.0031960673173607977, "j": 0.70778386951098, "k": 0.7064126949179549, "x": 0.0018575709177191375, "y": 0.3564543650583316, "z": 1.4624752840333832}
{"w": -0.0035893833063191764, "i": 0.0031960673173607977, "j": 0.70778386951098, "k": 0.7064126949179549, "x": 0.0018575709177191375, "y": 0.3564543650583316, "z": 1.4624752840333832}
{"w": -0.0035893833063191764, "i": 0.0031960673173607977, "j": 0.70778386951098, "k": 0.7064126949179549, "x": 0.0018575709177191375, "y": 0.3564543650583316, "z": 1.4624752840333832}
{"w": -0.0035872615815340046, "i": 0.0031981826172925235, "j": 0.707783879932837, "k": 0.7064126856799161, "x": 0.0018585438646043458, "y": 0.35645436590667645, "z": 1.4624752748489396}
{"w": -0.003589378034505191, "i": 0.0031960620561141302, "j": 0.7077838895115992, "k": 0.706412674929104, "x": 0.0018564079490563116, "y": 0.35645437703688554, "z": 1.4624752748489396}
{"w": -0.003589378034505191, "i": 0.0031960620561141302, "j": 0.7077838895115992, "k": 0.706412674929104, "x": 0.0018564079490563116, "y": 0.35645437703688554, "z": 1.4624752748489396}
{"w": -0.003589378034505191, "i": 0.0031960620561141302, "j": 0.7077838895115992, "k": 0.706412674929104, "x": 0.0018564079490563116, "y": 0.35645437703688554, "z": 1.4624752748489396}
{"w": -0.0035851451233907877, "i": 0.003196062050964324, "j": 0.7077838895116225, "k": 0.7064126964244134, "x": 0.0018585438646043458, "y": 0.35645436590667645, "z": 1.4624752748489396}
{"w": -0.0035872615763941755, "i": 0.0031939414897572418, "j": 0.7077838990840313, "k": 0.7064126856799424, "x": 0.0018564079490563116, "y": 0.35645437703688554, "z": 1.4624752748489396}
{"w": -0.003589378034505191, "i": 0.0031960620561141302, "j": 0.7077838895115992, "k": 0.706412674929104, "x": 0.0018564079490563116, "y": 0.35645437703688554, "z": 1.4624752748489396}
{"w": -0.0035872615815340046, "i": 0.0031981826172925235, "j": 0.707783879932837, "k": 0.7064126856799161, "x": 0.0018585438646043458, "y": 0.35645436590667645, "z": 1.4624752748489396}
{"w": -0.003589378034505191, "i": 0.0031960620561141302, "j": 0.7077838895115992, "k": 0.706412674929104, "x": 0.0018564079490563116, "y": 0.35645437703688554, "z": 1.4624752748489396}
{"w": -0.003589383301179347, "i": 0.003191826189888005, "j": 0.7077838886494991, "k": 0.7064126949179814, "x": 0.0018554350021762042, "y": 0.35645437618271075, "z": 1.4624752840333832}
{"w": -0.0035914997593180314, "i": 0.0031939467562136395, "j": 0.7077838790834047, "k": 0.7064126841607861, "x": 0.0018554350021762042, "y": 0.35645437618271075, "z": 1.4624752840333832}
{"w": -0.003595734506635797, "i": 0.003198186021356237, "j": 0.707783860406849, "k": 0.7064126621508913, "x": 0.0018640672228475536, "y": 0.35645437688806414, "z": 1.4624752631253013}
{"w": -0.003593619544628804, "i": 0.003196063975846018, "j": 0.7077838681641179, "k": 0.7064126747449185, "x": 0.0018631683504222087, "y": 0.35645437562187765, "z": 1.4624752722292345}
{"w": -0.003593619544628804, "i": 0.003196063975846018, "j": 0.7077838681641179, "k": 0.7064126747449185, "x": 0.0018631683504222087, "y": 0.35645437562187765, "z": 1.4624752722292345}
{"w": -0.003597851723520648, "i": 0.0032003057755517835, "j": 0.707783860961857, "k": 0.7064126412146415, "x": 0.0018682591314318684, "y": 0.3564543993585778, "z": 1.4624752620180903}
{"w": -0.003595734506635797, "i": 0.003198186021356237, "j": 0.707783860406849, "k": 0.7064126621508913, "x": 0.0018640672228475536, "y": 0.35645437688806414, "z": 1.4624752631253013}
{"w": -0.0035936154853320307, "i": 0.003200309117146365, "j": 0.707783862308695, "k": 0.7064126614130618, "x": 0.0018626616989319827, "y": 0.35645438876453844, "z": 1.4624752738527433}
{"w": -0.0035936154853320307, "i": 0.003200309117146365, "j": 0.707783862308695, "k": 0.7064126614130618, "x": 0.0018626616989319827, "y": 0.35645438876453844, "z": 1.4624752738527433}
{"w": -0.0035936154853320307, "i": 0.003200309117146365, "j": 0.707783862308695, "k": 0.7064126614130618, "x": 0.0018626616989319827, "y": 0.35645438876453844, "z": 1.4624752738527433}
{"w": -0.003595731938230484, "i": 0.0031981885560207644, "j": 0.7077838718938283, "k": 0.706412650643213, "x": 0.0018605257832469081, "y": 0.35645439991942207, "z": 1.4624752738527433}
{"w": -0.0035936102134372138, "i": 0.00320030385582283, "j": 0.7077838823347097, "k": 0.7064126413988291, "x": 0.0018614987300168994, "y": 0.35645440077357216, "z": 1.4624752646566397}
{"w": -0.0035936102134372138, "i": 0.00320030385582283, "j": 0.7077838823347097, "k": 0.7064126413988291, "x": 0.0018614987300168994, "y": 0.35645440077357216, "z": 1.4624752646566397}
{"w": -0.0035936102134372138, "i": 0.00320030385582283, "j": 0.7077838823347097, "k": 0.7064126413988291, "x": 0.0018614987300168994, "y": 0.35645440077357216, "z": 1.4624752646566397}
{"w": -0.0035936102134372138, "i": 0.00320030385582283, "j": 0.7077838823347097, "k": 0.7064126413988291, "x": 0.0018614987300168994, "y": 0.35645440077357216, "z": 1.4624752646566397}
{"w": -0.003591495251442468, "i": 0.003198181810314942, "j": 0.707783890085646, "k": 0.706412653999203, "x": 0.0018605998576466175, "y": 0.35645439950740776, "z": 1.4624752737664026}
{"w": -0.003591495251442468, "i": 0.003198181810314942, "j": 0.707783890085646, "k": 0.706412653999203, "x": 0.0018605998576466175, "y": 0.35645439950740776, "z": 1.4624752737664026}
{"w": -0.003591495251442468, "i": 0.003198181810314942, "j": 0.707783890085646, "k": 0.706412653999203, "x": 0.0018605998576466175, "y": 0.35645439950740776, "z": 1.4624752737664026}
{"w": -0.003589378034505191, "i": 0.0031960620561141302, "j": 0.7077838895115992, "k": 0.706412674929104, "x": 0.0018564079490563116, "y": 0.35645437703688554, "z": 1.4624752748489396}
{"w": -0.003589378034505191, "i": 0.0031960620561141302, "j": 0.7077838895115992, "k": 0.706412674929104, "x": 0.0018564079490563116, "y": 0.35645437703688554, "z": 1.4624752748489396}
{"w": -0.003589378034505191, "i": 0.0031960620561141302, "j": 0.7077838895115992, "k": 0.706412674929104, "x": 0.0018564079490563116, "y": 0.35645437703688554, "z": 1.4624752748489396}
{"w": -0.003589378034505191, "i": 0.0031960620561141302, "j": 0.7077838895115992, "k": 0.706412674929104, "x": 0.0018564079490563116, "y": 0.35645437703688554, "z": 1.4624752748489396}
{"w": -0.0035914997593180314, "i": 0.0031939467562136395, "j": 0.7077838790834047, "k": 0.7064126841607861, "x": 0.0018554350021762042, "y": 0.35645437618271075, "z": 1.4624752840333832}
{"w": -0.0035914997593180314, "i": 0.0031939467562136395, "j": 0.7077838790834047, "k": 0.7064126841607861, "x": 0.0018554350021762042, "y": 0.35645437618271075, "z": 1.4624752840333832}
{"w": -0.0035914997593180314, "i": 0.0031939467562136395, "j": 0.7077838790834047, "k": 0.7064126841607861, "x": 0.0018554350021762042, "y": 0.35645437618271075, "z": 1.4624752840333832}
{"w": -0.003593616976257987, "i": 0.0031960665104761483, "j": 0.7077838796511048, "k": 0.7064126632372324, "x": 0.0018596269108215532, "y": 0.3564543986532422, "z": 1.4624752829566763}
{"w": -0.0035851451233907877, "i": 0.003196062050964324, "j": 0.7077838895116225, "k": 0.7064126964244134, "x": 0.0018585438646043458, "y": 0.35645436590667645, "z": 1.4624752748489396}
{"w": -0.0035872615763941755, "i": 0.0031939414897572418, "j": 0.7077838990840313, "k": 0.7064126856799424, "x": 0.0018564079490563116, "y": 0.35645437703688554, "z": 1.4624752748489396}
{"w": -0.003589378034505191, "i": 0.0031960620561141302, "j": 0.7077838895115992, "k": 0.706412674929104, "x": 0.0018564079490563116, "y": 0.35645437703688554, "z": 1.4624752748489396}
{"w": -0.003591495251442468, "i": 0.003198181810314942, "j": 0.707783890085646, "k": 0.706412653999203, "x": 0.0018605998576466175, "y": 0.35645439950740776, "z": 1.4624752737664026}
{"w": -0.003591495251442468, "i": 0.003198181810314942, "j": 0.707783890085646, "k": 0.706412653999203, "x": 0.0018605998576466175, "y": 0.35645439950740776, "z": 1.4624752737664026}
{"w": -0.003591495251442468, "i": 0.003198181810314942, "j": 0.707783890085646, "k": 0.706412653999203, "x": 0.0018605998576466175, "y": 0.35645439950740776, "z": 1.4624752737664026}
{"w": -0.003591495251442468, "i": 0.003198181810314942, "j": 0.707783890085646, "k": 0.706412653999203, "x": 0.0018605998576466175, "y": 0.35645439950740776, "z": 1.4624752737664026}
{"w": -0.003591495251442468, "i": 0.003198181810314942, "j": 0.707783890085646, "k": 0.706412653999203, "x": 0.0018605998576466175, "y": 0.35645439950740776, "z": 1.4624752737664026}
{"w": -0.0035936102134372138, "i": 0.00320030385582283, "j": 0.7077838823347097, "k": 0.7064126413988291, "x": 0.0018614987300168994, "y": 0.35645440077357216, "z": 1.4624752646566397}
{"w": -0.0035936102134372138, "i": 0.00320030385582283, "j": 0.7077838823347097, "k": 0.7064126413988291, "x": 0.0018614987300168994, "y": 0.35645440077357216, "z": 1.4624752646566397}
{"w": -0.003591495251442468, "i": 0.003198181810314942, "j": 0.707783890085646, "k": 0.706412653999203, "x": 0.0018605998576466175, "y": 0.35645439950740776, "z": 1.4624752737664026}
{"w": -0.003591495251442468, "i": 0.003198181810314942, "j": 0.707783890085646, "k": 0.706412653999203, "x": 0.0018605998576466175, "y": 0.35645439950740776, "z": 1.4624752737664026}
{"w": -0.003591495251442468, "i": 0.003198181810314942, "j": 0.707783890085646, "k": 0.706412653999203, "x": 0.0018605998576466175, "y": 0.35645439950740776, "z": 1.4624752737664026}
{"w": -0.0035893787933941506, "i": 0.0031960612439563257, "j": 0.707783899664429, "k": 0.7064126647563849, "x": 0.0018605998576466175, "y": 0.35645439950740776, "z": 1.4624752737664026}
{"w": -0.003591498578767071, "i": 0.0031981784635310368, "j": 0.7077838887514944, "k": 0.7064126553341799, "x": 0.0018683332058310586, "y": 0.3564543989465634, "z": 1.4624752619313057}
{"w": -0.0035936109517704694, "i": 0.003200303023062678, "j": 0.7077838924875429, "k": 0.7064126312263044, "x": 0.001865690597825979, "y": 0.3564544232438287, "z": 1.462475263543609}
{"w": -0.003591493755426639, "i": 0.003198183289487425, "j": 0.7077838919198505, "k": 0.7064126521623474, "x": 0.0018614987300168994, "y": 0.35645440077357216, "z": 1.4624752646566397}
{"w": -0.0035936102134372138, "i": 0.00320030385582283, "j": 0.7077838823347097, "k": 0.7064126413988291, "x": 0.0018614987300168994, "y": 0.35645440077357216, "z": 1.4624752646566397}
{"w": -0.0035936102134372138, "i": 0.00320030385582283, "j": 0.7077838823347097, "k": 0.7064126413988291, "x": 0.0018614987300168994, "y": 0.35645440077357216, "z": 1.4624752646566397}
{"w": -0.0035936102134372138, "i": 0.00320030385582283, "j": 0.7077838823347097, "k": 0.7064126413988291, "x": 0.0018614987300168994, "y": 0.35645440077357216, "z": 1.4624752646566397}
{"w": -0.0035936102134372138, "i": 0.00320030385582283, "j": 0.7077838823347097, "k": 0.7064126413988291, "x": 0.0018614987300168994, "y": 0.35645440077357216, "z": 1.4624752646566397}
{"w": -0.0035936102134372138, "i": 0.00320030385582283, "j": 0.7077838823347097, "k": 0.7064126413988291, "x": 0.0018614987300168994, "y": 0.35645440077357216, "z": 1.4624752646566397}
{"w": -0.00359361244778082, "i": 0.0032003015438957136, "j": 0.707783890653334, "k": 0.7064126330631646, "x": 0.0018647917255102875, "y": 0.35645442197767285, "z": 1.462475272658758}
{"w": -0.00359572740971831, "i": 0.0032024235893997727, "j": 0.7077838828960513, "k": 0.7064126204564428, "x": 0.001865690597825979, "y": 0.3564544232438287, "z": 1.462475263543609}
{"w": -0.0035978471950423837, "i": 0.003204540808840346, "j": 0.7077838719640889, "k": 0.7064126110151829, "x": 0.0018734239459491247, "y": 0.35645442268297317, "z": 1.462475251678008}
{"w": -0.003591495251442468, "i": 0.003198181810314942, "j": 0.707783890085646, "k": 0.706412653999203, "x": 0.0018605998576466175, "y": 0.35645439950740776, "z": 1.4624752737664026}
{"w": -0.003591495251442468, "i": 0.003198181810314942, "j": 0.707783890085646, "k": 0.706412653999203, "x": 0.0018605998576466175, "y": 0.35645439950740776, "z": 1.4624752737664026}
{"w": -0.003591495251442468, "i": 0.003198181810314942, "j": 0.707783890085646, "k": 0.706412653999203, "x": 0.0018605998576466175, "y": 0.35645439950740776, "z": 1.4624752737664026}
{"w": -0.003591495251442468, "i": 0.003198181810314942, "j": 0.707783890085646, "k": 0.706412653999203, "x": 0.0018605998576466175, "y": 0.35645439950740776, "z": 1.4624752737664026}
{"w": -0.0035936102134372138, "i": 0.00320030385582283, "j": 0.7077838823347097, "k": 0.7064126413988291, "x": 0.0018614987300168994, "y": 0.35645440077357216, "z": 1.4624752646566397}
{"w": -0.0035936102134372138, "i": 0.00320030385582283, "j": 0.7077838823347097, "k": 0.7064126413988291, "x": 0.0018614987300168994, "y": 0.35645440077357216, "z": 1.4624752646566397}
{"w": -0.0035936102134372138, "i": 0.00320030385582283, "j": 0.7077838823347097, "k": 0.7064126413988291, "x": 0.0018614987300168994, "y": 0.35645440077357216, "z": 1.4624752646566397}
{"w": -0.0035936102134372138, "i": 0.00320030385582283, "j": 0.7077838823347097, "k": 0.7064126413988291, "x": 0.0018614987300168994, "y": 0.35645440077357216, "z": 1.4624752646566397}
{"w": -0.0035936102134372138, "i": 0.00320030385582283, "j": 0.7077838823347097, "k": 0.7064126413988291, "x": 0.0018614987300168994, "y": 0.35645440077357216, "z": 1.4624752646566397}
{"w": -0.0035936102134372138, "i": 0.00320030385582283, "j": 0.7077838823347097, "k": 0.7064126413988291, "x": 0.0018614987300168994, "y": 0.35645440077357216, "z": 1.4624752646566397}
{"w": -0.003591495251442468, "i": 0.003198181810314942, "j": 0.707783890085646, "k": 0.706412653999203, "x": 0.0018605998576466175, "y": 0.35645439950740776, "z": 1.4624752737664026}
{"w": -0.003591495251442468, "i": 0.003198181810314942, "j": 0.707783890085646, "k": 0.706412653999203, "x": 0.0018605998576466175, "y": 0.35645439950740776, "z": 1.4624752737664026}
{"w": -0.003591495251442468, "i": 0.003198181810314942, "j": 0.707783890085646, "k": 0.706412653999203, "x": 0.0018605998576466175, "y": 0.35645439950740776, "z": 1.4624752737664026}
{"w": -0.00359361244778082, "i": 0.0032003015438957136, "j": 0.707783890653334, "k": 0.7064126330631646, "x": 0.0018647917255102875, "y": 0.35645442197767285, "z": 1.462475272658758}
{"w": -0.00359361244778082, "i": 0.0032003015438957136, "j": 0.707783890653334, "k": 0.7064126330631646, "x": 0.0018647917255102875, "y": 0.35645442197767285, "z": 1.462475272658758}
{"w": -0.00359361244778082, "i": 0.0032003015438957136, "j": 0.707783890653334, "k": 0.7064126330631646, "x": 0.0018647917255102875, "y": 0.35645442197767285, "z": 1.462475272658758}
{"w": -0.0035914959897952185, "i": 0.0031981809775353857, "j": 0.7077839002384679, "k": 0.7064126438266896, "x": 0.0018647917255102875, "y": 0.35645442197767285, "z": 1.462475272658758}
{"w": -0.0035914907332356225, "i": 0.003202416833370035, "j": 0.707783901087818, "k": 0.7064126238124917, "x": 0.0018657646675599002, "y": 0.35645442282599477, "z": 1.4624752634627136}
{"w": -0.0035914907332356225, "i": 0.003202416833370035, "j": 0.707783901087818, "k": 0.7064126238124917, "x": 0.0018657646675599002, "y": 0.35645442282599477, "z": 1.4624752634627136}
{"w": -0.0035914907332356225, "i": 0.003202416833370035, "j": 0.707783901087818, "k": 0.7064126238124917, "x": 0.0018657646675599002, "y": 0.35645442282599477, "z": 1.4624752634627136}
{"w": -0.0035914907332356225, "i": 0.003202416833370035, "j": 0.707783901087818, "k": 0.7064126238124917, "x": 0.0018657646675599002, "y": 0.35645442282599477, "z": 1.4624752634627136}
{"w": -0.003595725480551191, "i": 0.0032066560982506247, "j": 0.7077838824112673, "k": 0.7064126017518161, "x": 0.0018743968878884756, "y": 0.35645442353127754, "z": 1.4624752424703036}
{"w": -0.003595725480551191, "i": 0.0032066560982506247, "j": 0.7077838824112673, "k": 0.7064126017518161, "x": 0.0018743968878884756, "y": 0.35645442353127754, "z": 1.4624752424703036}
{"w": -0.0035914907332356225, "i": 0.003202416833370035, "j": 0.707783901087818, "k": 0.7064126238124917, "x": 0.0018657646675599002, "y": 0.35645442282599477, "z": 1.4624752634627136}
{"w": -0.003593605695195361, "i": 0.003204538878837327, "j": 0.7077838933368753, "k": 0.7064126111994157, "x": 0.001866663539820484, "y": 0.35645442409213524, "z": 1.4624752543417345}
{"w": -0.003593605695195361, "i": 0.003204538878837327, "j": 0.7077838933368753, "k": 0.7064126111994157, "x": 0.001866663539820484, "y": 0.35645442409213524, "z": 1.4624752543417345}
{"w": -0.003593605695195361, "i": 0.003204538878837327, "j": 0.7077838933368753, "k": 0.7064126111994157, "x": 0.001866663539820484, "y": 0.35645442409213524, "z": 1.4624752543417345}
{"w": -0.003593605695195361, "i": 0.003204538878837327, "j": 0.7077838933368753, "k": 0.7064126111994157, "x": 0.001866663539820484, "y": 0.35645442409213524, "z": 1.4624752543417345}
{"w": -0.0035914907332356225, "i": 0.003202416833370035, "j": 0.707783901087818, "k": 0.7064126238124917, "x": 0.0018657646675599002, "y": 0.35645442282599477, "z": 1.4624752634627136}
{"w": -0.0035936109569102985, "i": 0.003204544150558318, "j": 0.7077838732982296, "k": 0.7064126312262782, "x": 0.0018678265136507241, "y": 0.35645441205799683, "z": 1.462475263543609}
{"w": -0.0035872578224274785, "i": 0.0032024168282202285, "j": 0.7077839010878414, "k": 0.7064126453204608, "x": 0.0018679005833821402, "y": 0.3564544116397191, "z": 1.4624752634627136}
{"w": -0.003589379536917207, "i": 0.0032003015387459086, "j": 0.7077838906533573, "k": 0.7064126545838473, "x": 0.0018669276413274618, "y": 0.3564544107972272, "z": 1.462475272658758}
{"w": -0.003589379536917207, "i": 0.0032003015387459086, "j": 0.7077838906533573, "k": 0.7064126545838473, "x": 0.0018669276413274618, "y": 0.3564544107972272, "z": 1.462475272658758}
{"w": -0.0035914944989301994, "i": 0.003202423584249968, "j": 0.7077838828960746, "k": 0.7064126419897986, "x": 0.0018678265136507241, "y": 0.35645441205799683, "z": 1.462475263543609}
{"w": -0.0035914944989301994, "i": 0.003202423584249968, "j": 0.7077838828960746, "k": 0.7064126419897986, "x": 0.0018678265136507241, "y": 0.35645441205799683, "z": 1.462475263543609}
{"w": -0.0035936109569102985, "i": 0.003204544150558318, "j": 0.7077838732982296, "k": 0.7064126312262782, "x": 0.0018678265136507241, "y": 0.35645441205799683, "z": 1.462475263543609}
{"w": -0.0035936109569102985, "i": 0.003204544150558318, "j": 0.7077838732982296, "k": 0.7064126312262782, "x": 0.0018678265136507241, "y": 0.35645441205799683, "z": 1.462475263543609}
{"w": -0.00359572740971831, "i": 0.0032024235893997727, "j": 0.7077838828960513, "k": 0.7064126204564428, "x": 0.001865690597825979, "y": 0.3564544232438287, "z": 1.462475263543609}
{"w": -0.00359572740971831, "i": 0.0032024235893997727, "j": 0.7077838828960513, "k": 0.7064126204564428, "x": 0.001865690597825979, "y": 0.3564544232438287, "z": 1.462475263543609}
{"w": -0.0035936109517704694, "i": 0.003200303023062678, "j": 0.7077838924875429, "k": 0.7064126312263044, "x": 0.001865690597825979, "y": 0.3564544232438287, "z": 1.462475263543609}
{"w": -0.003593605695195361, "i": 0.003204538878837327, "j": 0.7077838933368753, "k": 0.7064126111994157, "x": 0.001866663539820484, "y": 0.35645442409213524, "z": 1.4624752543417345}
{"w": -0.0035893742752777466, "i": 0.003200296266978436, "j": 0.7077839106792894, "k": 0.70641263456966, "x": 0.0018657646675599002, "y": 0.35645442282599477, "z": 1.4624752634627136}
{"w": -0.00359361244778082, "i": 0.0032003015438957136, "j": 0.707783890653334, "k": 0.7064126330631646, "x": 0.0018647917255102875, "y": 0.35645442197767285, "z": 1.462475272658758}
{"w": -0.0035914907332356225, "i": 0.003202416833370035, "j": 0.707783901087818, "k": 0.7064126238124917, "x": 0.0018657646675599002, "y": 0.35645442282599477, "z": 1.4624752634627136}
{"w": -0.0035914907332356225, "i": 0.003202416833370035, "j": 0.707783901087818, "k": 0.7064126238124917, "x": 0.0018657646675599002, "y": 0.35645442282599477, "z": 1.4624752634627136}
{"w": -0.0035914907332356225, "i": 0.003202416833370035, "j": 0.707783901087818, "k": 0.7064126238124917, "x": 0.0018657646675599002, "y": 0.35645442282599477, "z": 1.4624752634627136}
{"w": -0.00359361244778082, "i": 0.0032003015438957136, "j": 0.707783890653334, "k": 0.7064126330631646, "x": 0.0018647917255102875, "y": 0.35645442197767285, "z": 1.462475272658758}
{"w": -0.003595729664653601, "i": 0.0032024212980390904, "j": 0.7077838912146742, "k": 0.7064126121205817, "x": 0.001868983634087734, "y": 0.3564544444481175, "z": 1.462475271525984}
{"w": -0.0035914907332356225, "i": 0.003202416833370035, "j": 0.707783901087818, "k": 0.7064126238124917, "x": 0.0018657646675599002, "y": 0.35645442282599477, "z": 1.4624752634627136}
{"w": -0.003593607950105744, "i": 0.003204536587451658, "j": 0.7077839016555049, "k": 0.7064126028635616, "x": 0.0018699565760822339, "y": 0.3564544452964301, "z": 1.46247526232411}
{"w": -0.003593607950105744, "i": 0.003204536587451658, "j": 0.7077839016555049, "k": 0.7064126028635616, "x": 0.0018699565760822339, "y": 0.3564544452964301, "z": 1.46247526232411}
{"w": -0.0035957229120082267, "i": 0.003206658632915086, "j": 0.7077838938982157, "k": 0.7064125902441378, "x": 0.0018708554482881603, "y": 0.3564544465625619, "z": 1.4624752531977445}
{"w": -0.0035957229120082267, "i": 0.003206658632915086, "j": 0.7077838938982157, "k": 0.7064125902441378, "x": 0.0018708554482881603, "y": 0.3564544465625619, "z": 1.4624752531977445}
{"w": -0.0035957229120082267, "i": 0.003206658632915086, "j": 0.7077838938982157, "k": 0.7064125902441378, "x": 0.0018708554482881603, "y": 0.3564544465625619, "z": 1.4624752531977445}
{"w": -0.0035957229120082267, "i": 0.003206658632915086, "j": 0.7077838938982157, "k": 0.7064125902441378, "x": 0.0018708554482881603, "y": 0.3564544465625619, "z": 1.4624752531977445}
{"w": -0.0035957262395372017, "i": 0.0032066552859278, "j": 0.7077838925767856, "k": 0.7064125915663885, "x": 0.0018785887963492713, "y": 0.3564544460016952, "z": 1.4624752413011954}
{"w": -0.0035978426973662086, "i": 0.0032087758522651344, "j": 0.7077838829662623, "k": 0.7064125807901894, "x": 0.0018785887963492713, "y": 0.3564544460016952, "z": 1.4624752413011954}
{"w": -0.0035957229120082267, "i": 0.003206658632915086, "j": 0.7077838938982157, "k": 0.7064125902441378, "x": 0.0018708554482881603, "y": 0.3564544465625619, "z": 1.4624752531977445}
{"w": -0.0035957229120082267, "i": 0.003206658632915086, "j": 0.7077838938982157, "k": 0.7064125902441378, "x": 0.0018708554482881603, "y": 0.3564544465625619, "z": 1.4624752531977445}
{"w": -0.0035978446265338172, "i": 0.003204543343539305, "j": 0.7077838834510449, "k": 0.7064125995075123, "x": 0.0018698825063488027, "y": 0.35645444571426477, "z": 1.462475262405449}
{"w": -0.00359572740971831, "i": 0.0032024235893997727, "j": 0.7077838828960513, "k": 0.7064126204564428, "x": 0.001865690597825979, "y": 0.3564544232438287, "z": 1.462475263543609}
{"w": -0.00359572740971831, "i": 0.0032024235893997727, "j": 0.7077838828960513, "k": 0.7064126204564428, "x": 0.001865690597825979, "y": 0.3564544232438287, "z": 1.462475263543609}
{"w": -0.003593605695195361, "i": 0.003204538878837327, "j": 0.7077838933368753, "k": 0.7064126111994157, "x": 0.001866663539820484, "y": 0.35645442409213524, "z": 1.4624752543417345}
{"w": -0.00359572740971831, "i": 0.0032024235893997727, "j": 0.7077838828960513, "k": 0.7064126204564428, "x": 0.001865690597825979, "y": 0.3564544232438287, "z": 1.462475263543609}
{"w": -0.00359572740971831, "i": 0.0032024235893997727, "j": 0.7077838828960513, "k": 0.7064126204564428, "x": 0.001865690597825979, "y": 0.3564544232438287, "z": 1.462475263543609}
{"w": -0.00359572740971831, "i": 0.0032024235893997727, "j": 0.7077838828960513, "k": 0.7064126204564428, "x": 0.001865690597825979, "y": 0.3564544232438287, "z": 1.462475263543609}
{"w": -0.003595729664653601, "i": 0.0032024212980390904, "j": 0.7077838912146742, "k": 0.7064126121205817, "x": 0.001868983634087734, "y": 0.3564544444481175, "z": 1.462475271525984}
{"w": -0.003595729664653601, "i": 0.0032024212980390904, "j": 0.7077838912146742, "k": 0.7064126121205817, "x": 0.001868983634087734, "y": 0.3564544444481175, "z": 1.462475271525984}
{"w": -0.003595729664653601, "i": 0.0032024212980390904, "j": 0.7077838912146742, "k": 0.7064126121205817, "x": 0.001868983634087734, "y": 0.3564544444481175, "z": 1.462475271525984}
{"w": -0.003595729664653601, "i": 0.0032024212980390904, "j": 0.7077838912146742, "k": 0.7064126121205817, "x": 0.001868983634087734, "y": 0.3564544444481175, "z": 1.462475271525984}
{"w": -0.003593607950105744, "i": 0.003204536587451658, "j": 0.7077839016555049, "k": 0.7064126028635616, "x": 0.0018699565760822339, "y": 0.3564544452964301, "z": 1.46247526232411}
{"w": -0.003593607950105744, "i": 0.003204536587451658, "j": 0.7077839016555049, "k": 0.7064126028635616, "x": 0.0018699565760822339, "y": 0.3564544452964301, "z": 1.46247526232411}
{"w": -0.003595729664653601, "i": 0.0032024212980390904, "j": 0.7077838912146742, "k": 0.7064126121205817, "x": 0.001868983634087734, "y": 0.3564544444481175, "z": 1.462475271525984}
{"w": -0.003595729664653601, "i": 0.0032024212980390904, "j": 0.7077838912146742, "k": 0.7064126121205817, "x": 0.001868983634087734, "y": 0.3564544444481175, "z": 1.462475271525984}
{"w": -0.003593613206730735, "i": 0.0032003007316770715, "j": 0.707783900806159, "k": 0.70641262289045, "x": 0.001868983634087734, "y": 0.3564544444481175, "z": 1.462475271525984}
{"w": -0.003595729664653601, "i": 0.0032024212980390904, "j": 0.7077838912146742, "k": 0.7064126121205817, "x": 0.001868983634087734, "y": 0.3564544444481175, "z": 1.462475271525984}
{"w": -0.0035957229120082267, "i": 0.003206658632915086, "j": 0.7077838938982157, "k": 0.7064125902441378, "x": 0.0018708554482881603, "y": 0.3564544465625619, "z": 1.4624752531977445}
{"w": -0.0035978446265338172, "i": 0.003204543343539305, "j": 0.7077838834510449, "k": 0.7064125995075123, "x": 0.0018698825063488027, "y": 0.35645444571426477, "z": 1.462475262405449}
{"w": -0.003593607950105744, "i": 0.003204536587451658, "j": 0.7077839016555049, "k": 0.7064126028635616, "x": 0.0018699565760822339, "y": 0.3564544452964301, "z": 1.46247526232411}
{"w": -0.003593606454150904, "i": 0.0032045380665450085, "j": 0.7077839035023958, "k": 0.7064126010139858, "x": 0.0018708554482881603, "y": 0.3564544465625619, "z": 1.4624752531977445}
{"w": -0.0035957229120082267, "i": 0.003206658632915086, "j": 0.7077838938982157, "k": 0.7064125902441378, "x": 0.0018708554482881603, "y": 0.3564544465625619, "z": 1.4624752531977445}
{"w": -0.003593606454150904, "i": 0.0032045380665450085, "j": 0.7077839035023958, "k": 0.7064126010139858, "x": 0.0018708554482881603, "y": 0.3564544465625619, "z": 1.4624752531977445}
{"w": -0.003593606454150904, "i": 0.0032045380665450085, "j": 0.7077839035023958, "k": 0.7064126010139858, "x": 0.0018708554482881603, "y": 0.3564544465625619, "z": 1.4624752531977445}
{"w": -0.003593606454150904, "i": 0.0032045380665450085, "j": 0.7077839035023958, "k": 0.7064126010139858, "x": 0.0018708554482881603, "y": 0.3564544465625619, "z": 1.4624752531977445}
{"w": -0.0035957229120082267, "i": 0.003206658632915086, "j": 0.7077838938982157, "k": 0.7064125902441378, "x": 0.0018708554482881603, "y": 0.3564544465625619, "z": 1.4624752531977445}
{"w": -0.003593606454150904, "i": 0.0032045380665450085, "j": 0.7077839035023958, "k": 0.7064126010139858, "x": 0.0018708554482881603, "y": 0.3564544465625619, "z": 1.4624752531977445}
{"w": -0.003593607950105744, "i": 0.003204536587451658, "j": 0.7077839016555049, "k": 0.7064126028635616, "x": 0.0018699565760822339, "y": 0.3564544452964301, "z": 1.46247526232411}
{"w": -0.003593607950105744, "i": 0.003204536587451658, "j": 0.7077839016555049, "k": 0.7064126028635616, "x": 0.0018699565760822339, "y": 0.3564544452964301, "z": 1.46247526232411}
{"w": -0.003593607950105744, "i": 0.003204536587451658, "j": 0.7077839016555049, "k": 0.7064126028635616, "x": 0.0018699565760822339, "y": 0.3564544452964301, "z": 1.46247526232411}
{"w": -0.0035957229120082267, "i": 0.003206658632915086, "j": 0.7077838938982157, "k": 0.7064125902441378, "x": 0.0018708554482881603, "y": 0.3564544465625619, "z": 1.4624752531977445}
{"w": -0.0035957229120082267, "i": 0.003206658632915086, "j": 0.7077838938982157, "k": 0.7064125902441378, "x": 0.0018708554482881603, "y": 0.3564544465625619, "z": 1.4624752531977445}
{"w": -0.003593607950105744, "i": 0.003204536587451658, "j": 0.7077839016555049, "k": 0.7064126028635616, "x": 0.0018699565760822339, "y": 0.3564544452964301, "z": 1.46247526232411}
{"w": -0.0035957229120082267, "i": 0.003206658632915086, "j": 0.7077838938982157, "k": 0.7064125902441378, "x": 0.0018708554482881603, "y": 0.3564544465625619, "z": 1.4624752531977445}
{"w": -0.0035957229120082267, "i": 0.003206658632915086, "j": 0.7077838938982157, "k": 0.7064125902441378, "x": 0.0018708554482881603, "y": 0.3564544465625619, "z": 1.4624752531977445}
{"w": -0.003593607950105744, "i": 0.003204536587451658, "j": 0.7077839016555049, "k": 0.7064126028635616, "x": 0.0018699565760822339, "y": 0.3564544452964301, "z": 1.46247526232411}
{"w": -0.003593607950105744, "i": 0.003204536587451658, "j": 0.7077839016555049, "k": 0.7064126028635616, "x": 0.0018699565760822339, "y": 0.3564544452964301, "z": 1.46247526232411}
{"w": -0.003593607950105744, "i": 0.003204536587451658, "j": 0.7077839016555049, "k": 0.7064126028635616, "x": 0.0018699565760822339, "y": 0.3564544452964301, "z": 1.46247526232411}
{"w": -0.003593607950105744, "i": 0.003204536587451658, "j": 0.7077839016555049, "k": 0.7064126028635616, "x": 0.0018699565760822339, "y": 0.3564544452964301, "z": 1.46247526232411}
{"w": -0.003593607950105744, "i": 0.003204536587451658, "j": 0.7077839016555049, "k": 0.7064126028635616, "x": 0.0018699565760822339, "y": 0.3564544452964301, "z": 1.46247526232411}
{"w": -0.003593607950105744, "i": 0.003204536587451658, "j": 0.7077839016555049, "k": 0.7064126028635616, "x": 0.0018699565760822339, "y": 0.3564544452964301, "z": 1.46247526232411}
{"w": -0.003593607950105744, "i": 0.003204536587451658, "j": 0.7077839016555049, "k": 0.7064126028635616, "x": 0.0018699565760822339, "y": 0.3564544452964301, "z": 1.46247526232411}
{"w": -0.003593606454150904, "i": 0.0032045380665450085, "j": 0.7077839035023958, "k": 0.7064126010139858, "x": 0.0018708554482881603, "y": 0.3564544465625619, "z": 1.4624752531977445}
{"w": -0.0035957229120082267, "i": 0.003206658632915086, "j": 0.7077838938982157, "k": 0.7064125902441378, "x": 0.0018708554482881603, "y": 0.3564544465625619, "z": 1.4624752531977445}
{"w": -0.0035957229120082267, "i": 0.003206658632915086, "j": 0.7077838938982157, "k": 0.7064125902441378, "x": 0.0018708554482881603, "y": 0.3564544465625619, "z": 1.4624752531977445}
{"w": -0.0035957229120082267, "i": 0.003206658632915086, "j": 0.7077838938982157, "k": 0.7064125902441378, "x": 0.0018708554482881603, "y": 0.3564544465625619, "z": 1.4624752531977445}
{"w": -0.0035957229120082267, "i": 0.003206658632915086, "j": 0.7077838938982157, "k": 0.7064125902441378, "x": 0.0018708554482881603, "y": 0.3564544465625619, "z": 1.4624752531977445}
{"w": -0.0035978446265338172, "i": 0.003204543343539305, "j": 0.7077838834510449, "k": 0.7064125995075123, "x": 0.0018698825063488027, "y": 0.35645444571426477, "z": 1.462475262405449}
{"w": -0.0035957229120082267, "i": 0.003206658632915086, "j": 0.7077838938982157, "k": 0.7064125902441378, "x": 0.0018708554482881603, "y": 0.3564544465625619, "z": 1.4624752531977445}
{"w": -0.0035957229120082267, "i": 0.003206658632915086, "j": 0.7077838938982157, "k": 0.7064125902441378, "x": 0.0018708554482881603, "y": 0.3564544465625619, "z": 1.4624752531977445}
{"w": -0.0035957229120082267, "i": 0.003206658632915086, "j": 0.7077838938982157, "k": 0.7064125902441378, "x": 0.0018708554482881603, "y": 0.3564544465625619, "z": 1.4624752531977445}
{"w": -0.0035957229120082267, "i": 0.003206658632915086, "j": 0.7077838938982157, "k": 0.7064125902441378, "x": 0.0018708554482881603, "y": 0.3564544465625619, "z": 1.4624752531977445}
{"w": -0.0035957251669436066, "i": 0.003206656341504515, "j": 0.7077839022168385, "k": 0.7064125819082903, "x": 0.0018741484845978783, "y": 0.35645446776682665, "z": 1.4624752611603868}
{"w": -0.0035957251669436066, "i": 0.003206656341504515, "j": 0.7077839022168385, "k": 0.7064125819082903, "x": 0.0018741484845978783, "y": 0.35645446776682665, "z": 1.4624752611603868}
{"w": -0.0035957251669436066, "i": 0.003206656341504515, "j": 0.7077839022168385, "k": 0.7064125819082903, "x": 0.0018741484845978783, "y": 0.35645446776682665, "z": 1.4624752611603868}
{"w": -0.0035957251669436066, "i": 0.003206656341504515, "j": 0.7077839022168385, "k": 0.7064125819082903, "x": 0.0018741484845978783, "y": 0.35645446776682665, "z": 1.4624752611603868}
{"w": -0.0035957251669436066, "i": 0.003206656341504515, "j": 0.7077839022168385, "k": 0.7064125819082903, "x": 0.0018741484845978783, "y": 0.35645446776682665, "z": 1.4624752611603868}
{"w": -0.0035957251669436066, "i": 0.003206656341504515, "j": 0.7077839022168385, "k": 0.7064125819082903, "x": 0.0018741484845978783, "y": 0.35645446776682665, "z": 1.4624752611603868}
{"w": -0.0035957251669436066, "i": 0.003206656341504515, "j": 0.7077839022168385, "k": 0.7064125819082903, "x": 0.0018741484845978783, "y": 0.35645446776682665, "z": 1.4624752611603868}
{"w": -0.0035957251669436066, "i": 0.003206656341504515, "j": 0.7077839022168385, "k": 0.7064125819082903, "x": 0.0018741484845978783, "y": 0.35645446776682665, "z": 1.4624752611603868}
{"w": -0.0035957251669436066, "i": 0.003206656341504515, "j": 0.7077839022168385, "k": 0.7064125819082903, "x": 0.0018741484845978783, "y": 0.35645446776682665, "z": 1.4624752611603868}
{"w": -0.0035957251669436066, "i": 0.003206656341504515, "j": 0.7077839022168385, "k": 0.7064125819082903, "x": 0.0018741484845978783, "y": 0.35645446776682665, "z": 1.4624752611603868}
{"w": -0.0035957236761341126, "i": 0.0032108989481572, "j": 0.7077838848363418, "k": 0.7064125800586837, "x": 0.0018771832728480655, "y": 0.3564544577910513, "z": 1.4624752520286357}
{"w": -0.003593608714251087, "i": 0.003208776902720926, "j": 0.7077838926063353, "k": 0.7064125926781186, "x": 0.001876284400689258, "y": 0.3564544565303142, "z": 1.4624752611603868}
{"w": -0.003593608714251087, "i": 0.003208776902720926, "j": 0.7077838926063353, "k": 0.7064125926781186, "x": 0.001876284400689258, "y": 0.3564544565303142, "z": 1.4624752611603868}
{"w": -0.003593608714251087, "i": 0.003208776902720926, "j": 0.7077838926063353, "k": 0.7064125926781186, "x": 0.001876284400689258, "y": 0.3564544565303142, "z": 1.4624752611603868}
{"w": -0.0035957251669436066, "i": 0.003206656341504515, "j": 0.7077839022168385, "k": 0.7064125819082903, "x": 0.0018741484845978783, "y": 0.35645446776682665, "z": 1.4624752611603868}
{"w": -0.0035957251669436066, "i": 0.003206656341504515, "j": 0.7077839022168385, "k": 0.7064125819082903, "x": 0.0018741484845978783, "y": 0.35645446776682665, "z": 1.4624752611603868}
{"w": -0.0035957251669436066, "i": 0.003206656341504515, "j": 0.7077839022168385, "k": 0.7064125819082903, "x": 0.0018741484845978783, "y": 0.35645446776682665, "z": 1.4624752611603868}
{"w": -0.0035957251669436066, "i": 0.003206656341504515, "j": 0.7077839022168385, "k": 0.7064125819082903, "x": 0.0018741484845978783, "y": 0.35645446776682665, "z": 1.4624752611603868}
{"w": -0.003593607950105744, "i": 0.003204536587451658, "j": 0.7077839016555049, "k": 0.7064126028635616, "x": 0.0018699565760822339, "y": 0.3564544452964301, "z": 1.46247526232411}
{"w": -0.003593607950105744, "i": 0.003204536587451658, "j": 0.7077839016555049, "k": 0.7064126028635616, "x": 0.0018699565760822339, "y": 0.3564544452964301, "z": 1.46247526232411}
{"w": -0.003593607950105744, "i": 0.003204536587451658, "j": 0.7077839016555049, "k": 0.7064126028635616, "x": 0.0018699565760822339, "y": 0.3564544452964301, "z": 1.46247526232411}
{"w": -0.0035957251669436066, "i": 0.003206656341504515, "j": 0.7077839022168385, "k": 0.7064125819082903, "x": 0.0018741484845978783, "y": 0.35645446776682665, "z": 1.4624752611603868}
{"w": -0.0035957251669436066, "i": 0.003206656341504515, "j": 0.7077839022168385, "k": 0.7064125819082903, "x": 0.0018741484845978783, "y": 0.35645446776682665, "z": 1.4624752611603868}
{"w": -0.0035957251669436066, "i": 0.003206656341504515, "j": 0.7077839022168385, "k": 0.7064125819082903, "x": 0.0018741484845978783, "y": 0.35645446776682665, "z": 1.4624752611603868}
{"w": -0.0035957251669436066, "i": 0.003206656341504515, "j": 0.7077839022168385, "k": 0.7064125819082903, "x": 0.0018741484845978783, "y": 0.35645446776682665, "z": 1.4624752611603868}
{"w": -0.0035957251669436066, "i": 0.003206656341504515, "j": 0.7077839022168385, "k": 0.7064125819082903, "x": 0.0018741484845978783, "y": 0.35645446776682665, "z": 1.4624752611603868}
{"w": -0.0035957251669436066, "i": 0.003206656341504515, "j": 0.7077839022168385, "k": 0.7064125819082903, "x": 0.0018741484845978783, "y": 0.35645446776682665, "z": 1.4624752611603868}
{"w": -0.0035957251669436066, "i": 0.003206656341504515, "j": 0.7077839022168385, "k": 0.7064125819082903, "x": 0.0018741484845978783, "y": 0.35645446776682665, "z": 1.4624752611603868}
{"w": -0.003593608714251087, "i": 0.003208776902720926, "j": 0.7077838926063353, "k": 0.7064125926781186, "x": 0.001876284400689258, "y": 0.3564544565303142, "z": 1.4624752611603868}
{"w": -0.0035978401287888144, "i": 0.0032087783869640583, "j": 0.7077838944532028, "k": 0.7064125692825187, "x": 0.0018750473567491145, "y": 0.35645446903294986, "z": 1.4624752520286357}
{"w": -0.0035978401287888144, "i": 0.0032087783869640583, "j": 0.7077838944532028, "k": 0.7064125692825187, "x": 0.0018750473567491145, "y": 0.35645446903294986, "z": 1.4624752520286357}
{"w": -0.0035978401287888144, "i": 0.0032087783869640583, "j": 0.7077838944532028, "k": 0.7064125692825187, "x": 0.0018750473567491145, "y": 0.35645446903294986, "z": 1.4624752520286357}
{"w": -0.0035978401287888144, "i": 0.0032087783869640583, "j": 0.7077838944532028, "k": 0.7064125692825187, "x": 0.0018750473567491145, "y": 0.35645446903294986, "z": 1.4624752520286357}
{"w": -0.0035957251669436066, "i": 0.003206656341504515, "j": 0.7077839022168385, "k": 0.7064125819082903, "x": 0.0018741484845978783, "y": 0.35645446776682665, "z": 1.4624752611603868}
{"w": -0.0035936087091112587, "i": 0.003204535775109514, "j": 0.7077839118210117, "k": 0.7064125926781452, "x": 0.0018741484845978783, "y": 0.35645446776682665, "z": 1.4624752611603868}
{"w": -0.0035936087091112587, "i": 0.003204535775109514, "j": 0.7077839118210117, "k": 0.7064125926781452, "x": 0.0018741484845978783, "y": 0.35645446776682665, "z": 1.4624752611603868}
{"w": -0.0035936087091112587, "i": 0.003204535775109514, "j": 0.7077839118210117, "k": 0.7064125926781452, "x": 0.0018741484845978783, "y": 0.35645446776682665, "z": 1.4624752611603868}
{"w": -0.0035936087091112587, "i": 0.003204535775109514, "j": 0.7077839118210117, "k": 0.7064125926781452, "x": 0.0018741484845978783, "y": 0.35645446776682665, "z": 1.4624752611603868}
{"w": -0.0035936087091112587, "i": 0.003204535775109514, "j": 0.7077839118210117, "k": 0.7064125926781452, "x": 0.0018741484845978783, "y": 0.35645446776682665, "z": 1.4624752611603868}
{"w": -0.0035936087091112587, "i": 0.003204535775109514, "j": 0.7077839118210117, "k": 0.7064125926781452, "x": 0.0018741484845978783, "y": 0.35645446776682665, "z": 1.4624752611603868}
{"w": -0.0035957251669436066, "i": 0.003206656341504515, "j": 0.7077839022168385, "k": 0.7064125819082903, "x": 0.0018741484845978783, "y": 0.35645446776682665, "z": 1.4624752611603868}
{"w": -0.0035957251669436066, "i": 0.003206656341504515, "j": 0.7077839022168385, "k": 0.7064125819082903, "x": 0.0018741484845978783, "y": 0.35645446776682665, "z": 1.4624752611603868}
{"w": -0.0035957251669436066, "i": 0.003206656341504515, "j": 0.7077839022168385, "k": 0.7064125819082903, "x": 0.0018741484845978783, "y": 0.35645446776682665, "z": 1.4624752611603868}
{"w": -0.0035957251669436066, "i": 0.003206656341504515, "j": 0.7077839022168385, "k": 0.7064125819082903, "x": 0.0018741484845978783, "y": 0.35645446776682665, "z": 1.4624752611603868}
{"w": -0.0035957251669436066, "i": 0.003206656341504515, "j": 0.7077839022168385, "k": 0.7064125819082903, "x": 0.0018741484845978783, "y": 0.35645446776682665, "z": 1.4624752611603868}
{"w": -0.0035978401287888144, "i": 0.0032087783869640583, "j": 0.7077838944532028, "k": 0.7064125692825187, "x": 0.0018750473567491145, "y": 0.35645446903294986, "z": 1.4624752520286357}
{"w": -0.0035957251669436066, "i": 0.003206656341504515, "j": 0.7077839022168385, "k": 0.7064125819082903, "x": 0.0018741484845978783, "y": 0.35645446776682665, "z": 1.4624752611603868}
{"w": -0.0035957251669436066, "i": 0.003206656341504515, "j": 0.7077839022168385, "k": 0.7064125819082903, "x": 0.0018741484845978783, "y": 0.35645446776682665, "z": 1.4624752611603868}
{"w": -0.0035957251669436066, "i": 0.003206656341504515, "j": 0.7077839022168385, "k": 0.7064125819082903, "x": 0.0018741484845978783, "y": 0.35645446776682665, "z": 1.4624752611603868}
{"w": -0.0035957251669436066, "i": 0.003206656341504515, "j": 0.7077839022168385, "k": 0.7064125819082903, "x": 0.0018741484845978783, "y": 0.35645446776682665, "z": 1.4624752611603868}
{"w": -0.0035957251669436066, "i": 0.003206656341504515, "j": 0.7077839022168385, "k": 0.7064125819082903, "x": 0.0018741484845978783, "y": 0.35645446776682665, "z": 1.4624752611603868}
{"w": -0.0035957251669436066, "i": 0.003206656341504515, "j": 0.7077839022168385, "k": 0.7064125819082903, "x": 0.0018741484845978783, "y": 0.35645446776682665, "z": 1.4624752611603868}
{"w": -0.0035957251669436066, "i": 0.003206656341504515, "j": 0.7077839022168385, "k": 0.7064125819082903, "x": 0.0018741484845978783, "y": 0.35645446776682665, "z": 1.4624752611603868}
{"w": -0.0035957251669436066, "i": 0.003206656341504515, "j": 0.7077839022168385, "k": 0.7064125819082903, "x": 0.0018741484845978783, "y": 0.35645446776682665, "z": 1.4624752611603868}
{"w": -0.0035957251669436066, "i": 0.003206656341504515, "j": 0.7077839022168385, "k": 0.7064125819082903, "x": 0.0018741484845978783, "y": 0.35645446776682665, "z": 1.4624752611603868}
{"w": -0.0035978401287888144, "i": 0.0032087783869640583, "j": 0.7077838944532028, "k": 0.7064125692825187, "x": 0.0018750473567491145, "y": 0.35645446903294986, "z": 1.4624752520286357}
{"w": -0.0035978401287888144, "i": 0.0032087783869640583, "j": 0.7077838944532028, "k": 0.7064125692825187, "x": 0.0018750473567491145, "y": 0.35645446903294986, "z": 1.4624752520286357}
{"w": -0.0035978401287888144, "i": 0.0032087783869640583, "j": 0.7077838944532028, "k": 0.7064125692825187, "x": 0.0018750473567491145, "y": 0.35645446903294986, "z": 1.4624752520286357}
{"w": -0.0035978401287888144, "i": 0.0032087783869640583, "j": 0.7077838944532028, "k": 0.7064125692825187, "x": 0.0018750473567491145, "y": 0.35645446903294986, "z": 1.4624752520286357}
{"w": -0.0035957251669436066, "i": 0.003206656341504515, "j": 0.7077839022168385, "k": 0.7064125819082903, "x": 0.0018741484845978783, "y": 0.35645446776682665, "z": 1.4624752611603868}
{"w": -0.0035957251669436066, "i": 0.003206656341504515, "j": 0.7077839022168385, "k": 0.7064125819082903, "x": 0.0018741484845978783, "y": 0.35645446776682665, "z": 1.4624752611603868}
{"w": -0.0035957251669436066, "i": 0.003206656341504515, "j": 0.7077839022168385, "k": 0.7064125819082903, "x": 0.0018741484845978783, "y": 0.35645446776682665, "z": 1.4624752611603868}
{"w": -0.0035957251669436066, "i": 0.003206656341504515, "j": 0.7077839022168385, "k": 0.7064125819082903, "x": 0.0018741484845978783, "y": 0.35645446776682665, "z": 1.4624752611603868}
{"w": -0.003593603442055594, "i": 0.0032087716411005555, "j": 0.7077839126577135, "k": 0.7064125726385364, "x": 0.0018751214312680447, "y": 0.35645446860930385, "z": 1.4624752519526525}
{"w": -0.0035936087091112587, "i": 0.003204535775109514, "j": 0.7077839118210117, "k": 0.7064125926781452, "x": 0.0018741484845978783, "y": 0.35645446776682665, "z": 1.4624752611603868}
{"w": -0.0035914869842510284, "i": 0.0032066510746742638, "j": 0.7077839222682243, "k": 0.7064125834020345, "x": 0.0018751214312680447, "y": 0.35645446860930385, "z": 1.4624752519526525}
{"w": -0.0035936087091112587, "i": 0.003204535775109514, "j": 0.7077839118210117, "k": 0.7064125926781452, "x": 0.0018741484845978783, "y": 0.35645446776682665, "z": 1.4624752611603868}
{"w": -0.0035914922563864814, "i": 0.0032066563363547097, "j": 0.7077839022168619, "k": 0.7064126034416325, "x": 0.001876284400689258, "y": 0.3564544565303142, "z": 1.4624752611603868}
{"w": -0.0035914922563864814, "i": 0.0032066563363547097, "j": 0.7077839022168619, "k": 0.7064126034416325, "x": 0.001876284400689258, "y": 0.3564544565303142, "z": 1.4624752611603868}
{"w": -0.0035914922563864814, "i": 0.0032066563363547097, "j": 0.7077839022168619, "k": 0.7064126034416325, "x": 0.001876284400689258, "y": 0.3564544565303142, "z": 1.4624752611603868}
{"w": -0.0035914922563864814, "i": 0.0032066563363547097, "j": 0.7077839022168619, "k": 0.7064126034416325, "x": 0.001876284400689258, "y": 0.3564544565303142, "z": 1.4624752611603868}
{"w": -0.0035936087091112587, "i": 0.003204535775109514, "j": 0.7077839118210117, "k": 0.7064125926781452, "x": 0.0018741484845978783, "y": 0.35645446776682665, "z": 1.4624752611603868}
{"w": -0.0035936087091112587, "i": 0.003204535775109514, "j": 0.7077839118210117, "k": 0.7064125926781452, "x": 0.0018741484845978783, "y": 0.35645446776682665, "z": 1.4624752611603868}
{"w": -0.0035914869842510284, "i": 0.0032066510746742638, "j": 0.7077839222682243, "k": 0.7064125834020345, "x": 0.0018751214312680447, "y": 0.35645446860930385, "z": 1.4624752519526525}
{"w": -0.0035914869842510284, "i": 0.0032066510746742638, "j": 0.7077839222682243, "k": 0.7064125834020345, "x": 0.0018751214312680447, "y": 0.35645446860930385, "z": 1.4624752519526525}
{"w": -0.0035914869842510284, "i": 0.0032066510746742638, "j": 0.7077839222682243, "k": 0.7064125834020345, "x": 0.0018751214312680447, "y": 0.35645446860930385, "z": 1.4624752519526525}
{"w": -0.003593603442055594, "i": 0.0032087716411005555, "j": 0.7077839126577135, "k": 0.7064125726385364, "x": 0.0018751214312680447, "y": 0.35645446860930385, "z": 1.4624752519526525}
{"w": -0.003593603442055594, "i": 0.0032087716411005555, "j": 0.7077839126577135, "k": 0.7064125726385364, "x": 0.0018751214312680447, "y": 0.35645446860930385, "z": 1.4624752519526525}
{"w": -0.0035936042062566145, "i": 0.003213011956312174, "j": 0.7077839035958488, "k": 0.7064125624403917, "x": 0.0018814492559526452, "y": 0.35645447981219147, "z": 1.4624752507579812}
{"w": -0.0035936042062566145, "i": 0.003213011956312174, "j": 0.7077839035958488, "k": 0.7064125624403917, "x": 0.0018814492559526452, "y": 0.35645447981219147, "z": 1.4624752507579812}
{"w": -0.0035936042062566145, "i": 0.003213011956312174, "j": 0.7077839035958488, "k": 0.7064125624403917, "x": 0.0018814492559526452, "y": 0.35645447981219147, "z": 1.4624752507579812}
{"w": -0.003595725931119466, "i": 0.003210896656746653, "j": 0.7077838931549647, "k": 0.7064125717228495, "x": 0.0018804763093326308, "y": 0.3564544789755536, "z": 1.4624752599715456}
{"w": -0.0035936042062566145, "i": 0.003213011956312174, "j": 0.7077839035958488, "k": 0.7064125624403917, "x": 0.0018814492559526452, "y": 0.35645447981219147, "z": 1.4624752507579812}
{"w": -0.003591486989390856, "i": 0.0032108922023482383, "j": 0.7077839030408727, "k": 0.7064125834020082, "x": 0.0018772573473644551, "y": 0.35645445736696135, "z": 1.4624752519526525}
{"w": -0.003591486989390856, "i": 0.0032108922023482383, "j": 0.7077839030408727, "k": 0.7064125834020082, "x": 0.0018772573473644551, "y": 0.35645445736696135, "z": 1.4624752519526525}
{"w": -0.003591486989390856, "i": 0.0032108922023482383, "j": 0.7077839030408727, "k": 0.7064125834020082, "x": 0.0018772573473644551, "y": 0.35645445736696135, "z": 1.4624752519526525}
{"w": -0.003591486989390856, "i": 0.0032108922023482383, "j": 0.7077839030408727, "k": 0.7064125834020082, "x": 0.0018772573473644551, "y": 0.35645445736696135, "z": 1.4624752519526525}
{"w": -0.003591486989390856, "i": 0.0032108922023482383, "j": 0.7077839030408727, "k": 0.7064125834020082, "x": 0.0018772573473644551, "y": 0.35645445736696135, "z": 1.4624752519526525}
{"w": -0.003593603442055594, "i": 0.0032087716411005555, "j": 0.7077839126577135, "k": 0.7064125726385364, "x": 0.0018751214312680447, "y": 0.35645446860930385, "z": 1.4624752519526525}
{"w": -0.003593603442055594, "i": 0.0032087716411005555, "j": 0.7077839126577135, "k": 0.7064125726385364, "x": 0.0018751214312680447, "y": 0.35645446860930385, "z": 1.4624752519526525}
{"w": -0.0035957251669436066, "i": 0.003206656341504515, "j": 0.7077839022168385, "k": 0.7064125819082903, "x": 0.0018741484845978783, "y": 0.35645446776682665, "z": 1.4624752611603868}
{"w": -0.0035978423837491925, "i": 0.00320877609552859, "j": 0.7077839027718189, "k": 0.7064125609466777, "x": 0.0018783403931066816, "y": 0.35645449023718434, "z": 1.4624752599715456}
{"w": -0.0035978423837491925, "i": 0.00320877609552859, "j": 0.7077839027718189, "k": 0.7064125609466777, "x": 0.0018783403931066816, "y": 0.35645449023718434, "z": 1.4624752599715456}
{"w": -0.0035957251669436066, "i": 0.003206656341504515, "j": 0.7077839022168385, "k": 0.7064125819082903, "x": 0.0018741484845978783, "y": 0.35645446776682665, "z": 1.4624752611603868}
{"w": -0.0035978423837491925, "i": 0.00320877609552859, "j": 0.7077839027718189, "k": 0.7064125609466777, "x": 0.0018783403931066816, "y": 0.35645449023718434, "z": 1.4624752599715456}
{"w": -0.0035978423837491925, "i": 0.00320877609552859, "j": 0.7077839027718189, "k": 0.7064125609466777, "x": 0.0018783403931066816, "y": 0.35645449023718434, "z": 1.4624752599715456}
{"w": -0.00359572065885854, "i": 0.0032108913950628197, "j": 0.7077839132190406, "k": 0.7064125516705767, "x": 0.0018793133397216652, "y": 0.35645449107965227, "z": 1.4624752507579812}
{"w": -0.0035978423837491925, "i": 0.00320877609552859, "j": 0.7077839027718189, "k": 0.7064125609466777, "x": 0.0018783403931066816, "y": 0.35645449023718434, "z": 1.4624752599715456}
{"w": -0.0035936042011167862, "i": 0.0032087708286348366, "j": 0.7077839228359023, "k": 0.706412562440418, "x": 0.0018793133397216652, "y": 0.35645449107965227, "z": 1.4624752507579812}
{"w": -0.00359572065885854, "i": 0.0032108913950628197, "j": 0.7077839132190406, "k": 0.7064125516705767, "x": 0.0018793133397216652, "y": 0.35645449107965227, "z": 1.4624752507579812}
{"w": -0.00359572065885854, "i": 0.0032108913950628197, "j": 0.7077839132190406, "k": 0.7064125516705767, "x": 0.0018793133397216652, "y": 0.35645449107965227, "z": 1.4624752507579812}
{"w": -0.0035936042011167862, "i": 0.0032087708286348366, "j": 0.7077839228359023, "k": 0.706412562440418, "x": 0.0018793133397216652, "y": 0.35645449107965227, "z": 1.4624752507579812}
{"w": -0.003597835620668739, "i": 0.003213013440481616, "j": 0.7077839054553986, "k": 0.7064125390321028, "x": 0.001880212211762967, "y": 0.35645449234575144, "z": 1.4624752416150137}
{"w": -0.0035957184039230685, "i": 0.0032108936865232747, "j": 0.7077839049004179, "k": 0.7064125600064105, "x": 0.001876020303364103, "y": 0.35645446987541163, "z": 1.4624752428150711}
{"w": -0.0035978401287888144, "i": 0.0032087783869640583, "j": 0.7077838944532028, "k": 0.7064125692825187, "x": 0.0018750473567491145, "y": 0.35645446903294986, "z": 1.4624752520286357}
{"w": -0.003599957345537107, "i": 0.0032108981409842293, "j": 0.7077838950018367, "k": 0.7064125483145585, "x": 0.001879239265203196, "y": 0.356454491503299, "z": 1.462475250834408}
{"w": -0.003599957345537107, "i": 0.0032108981409842293, "j": 0.7077838950018367, "k": 0.7064125483145585, "x": 0.001879239265203196, "y": 0.356454491503299, "z": 1.462475250834408}
{"w": -0.003599957345537107, "i": 0.0032108981409842293, "j": 0.7077838950018367, "k": 0.7064125483145585, "x": 0.001879239265203196, "y": 0.356454491503299, "z": 1.462475250834408}
{"w": -0.0035978423837491925, "i": 0.00320877609552859, "j": 0.7077839027718189, "k": 0.7064125609466777, "x": 0.0018783403931066816, "y": 0.35645449023718434, "z": 1.4624752599715456}
